FACT_KEY,WORKLOAD_TYPE,ENERGY_SOURCE,SECURITY_LEVEL,WORKLOAD_SCENARIO,ENERGY_CONSUMPTION_KWH,CARBON_EMISSIONS_KGCO2,OPERATIONAL_COST_USD,LOAD_DATE
2683,IoT Processing,Grid,Low,High,27672.9,831.89,198361.57,2026-02-06 16:06:29
2685,Database Queries,Grid,Medium,Peak,32250.93,1557.04,128829.79,2026-02-06 16:06:29
2689,AI Training,Grid,Medium,Peak,34776.21,778.04,24807.04,2026-02-06 16:06:29
2697,IoT Processing,Grid,Medium,Low,18876.3,286.68,70417.94,2026-02-06 16:06:29
2702,IoT Processing,Grid,High,Low,28266.77,1827.12,195551.61,2026-02-06 16:06:29
2704,Web Hosting,Grid,High,High,45655.62,390.27,46364.45,2026-02-06 16:06:29
2705,Web Hosting,Grid,Medium,Low,2025.77,788.47,97253.43,2026-02-06 16:06:29
2707,Web Hosting,Grid,Low,Medium,3787.19,1306.22,155502.91,2026-02-06 16:06:29
2714,IoT Processing,Grid,Quantum-Safe,Low,23255.0,1493.99,185816.65,2026-02-06 16:06:29
2715,IoT Processing,Grid,High,Low,21201.71,1526.01,22664.14,2026-02-06 16:06:29
2716,IoT Processing,Grid,Quantum-Safe,Peak,46801.77,1233.1,27118.35,2026-02-06 16:06:29
2717,Cloud Storage,Grid,Low,Peak,13293.08,375.24,11468.96,2026-02-06 16:06:29
2721,Cloud Storage,Grid,Low,Low,19514.12,954.43,135232.74,2026-02-06 16:06:29
2723,Cloud Storage,Grid,Medium,Peak,17625.96,708.08,156347.18,2026-02-06 16:06:29
2738,Web Hosting,Grid,Medium,Renewable Boost,4010.87,239.88,75833.0,2026-02-06 16:06:29
2740,IoT Processing,Grid,Quantum-Safe,Low,47084.69,1294.54,28253.78,2026-02-06 16:06:29
2743,AI Training,Grid,Low,High,8420.18,177.97,186351.31,2026-02-06 16:06:29
2745,Cloud Storage,Grid,High,Renewable Boost,30488.53,1202.19,69293.87,2026-02-06 16:06:29
2746,Cloud Storage,Grid,Medium,Renewable Boost,29505.1,1322.82,81196.32,2026-02-06 16:06:29
2757,IoT Processing,Grid,High,High,43723.74,1742.06,153982.46,2026-02-06 16:06:29
2758,AI Training,Grid,Low,Renewable Boost,29272.1,892.63,62026.86,2026-02-06 16:06:29
2759,Database Queries,Grid,Low,Peak,17928.56,1934.85,20871.11,2026-02-06 16:06:29
2764,Cloud Storage,Grid,Medium,High,45492.91,673.46,96611.4,2026-02-06 16:06:29
2769,Cloud Storage,Grid,Low,Low,22205.8,1462.89,23655.4,2026-02-06 16:06:29
2770,Cloud Storage,Grid,Quantum-Safe,Low,30188.31,657.45,79668.7,2026-02-06 16:06:29
2775,IoT Processing,Grid,Medium,Medium,41593.49,795.61,182530.16,2026-02-06 16:06:29
2780,Web Hosting,Grid,Low,High,39390.01,1627.16,145334.47,2026-02-06 16:06:29
2785,Cloud Storage,Grid,Low,Renewable Boost,48576.07,591.17,138420.89,2026-02-06 16:06:29
2791,Cloud Storage,Grid,Low,Renewable Boost,29451.62,1255.3,89182.08,2026-02-06 16:06:29
2801,IoT Processing,Grid,Quantum-Safe,Low,14736.4,123.25,124530.58,2026-02-06 16:06:29
2805,AI Training,Grid,Quantum-Safe,Peak,19666.64,524.09,71806.76,2026-02-06 16:06:29
2808,Web Hosting,Grid,High,Low,45217.76,420.37,102596.5,2026-02-06 16:06:29
2809,IoT Processing,Grid,Quantum-Safe,Low,19777.55,948.39,159679.79,2026-02-06 16:06:29
2811,Cloud Storage,Grid,High,Medium,22686.29,532.55,133647.65,2026-02-06 16:06:29
2816,IoT Processing,Grid,Quantum-Safe,Renewable Boost,18302.04,192.52,163346.49,2026-02-06 16:06:29
2821,Database Queries,Grid,Low,Low,39435.87,64.35,132949.19,2026-02-06 16:06:29
2832,AI Training,Grid,Medium,Peak,30613.61,958.16,70779.26,2026-02-06 16:06:29
2833,Web Hosting,Grid,Quantum-Safe,High,38420.92,518.48,128455.83,2026-02-06 16:06:29
2834,Web Hosting,Grid,Medium,Medium,26646.67,966.12,14791.56,2026-02-06 16:06:29
2835,IoT Processing,Grid,Low,High,12111.86,938.16,123694.31,2026-02-06 16:06:29
2836,IoT Processing,Grid,High,Peak,33659.58,1185.18,34767.33,2026-02-06 16:06:29
2837,IoT Processing,Grid,High,Low,4925.18,745.7,166963.75,2026-02-06 16:06:29
2839,AI Training,Grid,Quantum-Safe,Low,9004.97,1032.25,59903.0,2026-02-06 16:06:29
2840,Database Queries,Grid,Medium,Medium,10038.49,1668.9,168973.35,2026-02-06 16:06:29
2841,IoT Processing,Grid,Low,High,10912.4,1344.82,14778.08,2026-02-06 16:06:29
2845,Web Hosting,Grid,Medium,Low,26073.66,458.23,182792.09,2026-02-06 16:06:29
2849,Web Hosting,Grid,Low,Medium,8121.01,1937.34,107823.33,2026-02-06 16:06:29
2856,Web Hosting,Grid,High,Low,28335.81,1275.58,45097.75,2026-02-06 16:06:29
2858,Database Queries,Grid,Low,High,3386.05,1498.14,93010.53,2026-02-06 16:06:29
2860,Database Queries,Grid,Quantum-Safe,Peak,3159.23,1151.66,55857.64,2026-02-06 16:06:29
2862,Database Queries,Grid,Medium,High,27522.24,856.65,188439.83,2026-02-06 16:06:29
2864,AI Training,Grid,Low,Peak,3233.67,1402.13,174898.22,2026-02-06 16:06:29
2870,AI Training,Grid,Low,High,7220.28,1721.05,49932.28,2026-02-06 16:06:29
2875,Database Queries,Grid,Quantum-Safe,Medium,49485.76,166.54,199746.2,2026-02-06 16:06:29
2880,Cloud Storage,Grid,High,High,28181.86,1884.35,195951.44,2026-02-06 16:06:29
2881,Database Queries,Grid,Low,Medium,4761.15,143.17,132710.91,2026-02-06 16:06:29
2882,Web Hosting,Grid,Quantum-Safe,Peak,1205.18,736.85,176620.8,2026-02-06 16:06:29
2887,Database Queries,Grid,High,Medium,21356.71,801.83,26881.25,2026-02-06 16:06:29
2893,IoT Processing,Grid,Low,High,30368.63,163.56,34337.47,2026-02-06 16:06:29
2895,Web Hosting,Grid,Quantum-Safe,Low,16452.82,900.34,137412.25,2026-02-06 16:06:29
2897,IoT Processing,Grid,Medium,Low,12609.28,1897.75,94459.82,2026-02-06 16:06:29
2901,Web Hosting,Grid,Quantum-Safe,Low,34199.74,1456.83,197264.53,2026-02-06 16:06:29
2913,Web Hosting,Grid,Quantum-Safe,Low,12008.21,1459.54,183082.9,2026-02-06 16:06:29
2915,IoT Processing,Grid,High,Low,21073.97,1210.79,28622.02,2026-02-06 16:06:29
2916,Database Queries,Grid,Quantum-Safe,Low,48932.81,1101.43,6187.07,2026-02-06 16:06:29
2918,IoT Processing,Grid,Quantum-Safe,Low,40158.74,994.22,199669.85,2026-02-06 16:06:29
2920,IoT Processing,Grid,High,Low,36812.65,1125.79,65136.95,2026-02-06 16:06:29
2924,Web Hosting,Grid,Low,Renewable Boost,40404.11,674.58,164287.79,2026-02-06 16:06:29
2926,Database Queries,Grid,High,Low,3921.25,422.92,34186.33,2026-02-06 16:06:29
2929,AI Training,Grid,Low,Medium,21375.11,130.11,87849.25,2026-02-06 16:06:29
2934,Database Queries,Grid,Low,Peak,7625.65,572.69,156669.36,2026-02-06 16:06:29
2939,IoT Processing,Grid,Medium,Medium,47514.38,1871.36,112509.46,2026-02-06 16:06:29
2940,AI Training,Grid,High,Renewable Boost,44100.47,1544.38,123053.07,2026-02-06 16:06:29
2942,Web Hosting,Grid,Quantum-Safe,Low,49585.11,1656.6,137641.61,2026-02-06 16:06:29
2946,Database Queries,Grid,Quantum-Safe,Renewable Boost,24706.32,1853.08,73142.29,2026-02-06 16:06:29
2948,IoT Processing,Grid,Quantum-Safe,Peak,18532.75,278.28,77995.55,2026-02-06 16:06:29
2949,AI Training,Grid,Medium,Medium,30095.25,1079.95,58056.41,2026-02-06 16:06:29
2950,AI Training,Grid,Medium,Renewable Boost,29204.08,297.4,22220.98,2026-02-06 16:06:29
2953,IoT Processing,Grid,Quantum-Safe,Low,28120.12,1264.02,47851.31,2026-02-06 16:06:29
2955,Database Queries,Grid,High,Peak,11295.25,429.94,149071.35,2026-02-06 16:06:29
2958,Cloud Storage,Grid,Quantum-Safe,Renewable Boost,18386.76,798.04,17506.37,2026-02-06 16:06:29
2962,AI Training,Grid,Low,Peak,35052.7,632.91,45381.54,2026-02-06 16:06:29
2977,AI Training,Grid,Quantum-Safe,Peak,36995.81,1554.37,134753.93,2026-02-06 16:06:29
2978,Cloud Storage,Grid,High,High,2173.37,1834.52,191527.04,2026-02-06 16:06:29
2979,Web Hosting,Grid,High,Peak,29656.56,1716.31,44282.06,2026-02-06 16:06:29
2985,IoT Processing,Grid,Medium,Renewable Boost,27976.05,1041.53,159604.68,2026-02-06 16:06:29
2988,IoT Processing,Grid,Medium,Low,44932.16,1467.97,197339.38,2026-02-06 16:06:29
2991,Cloud Storage,Grid,Low,High,43221.58,490.05,15635.23,2026-02-06 16:06:29
2993,IoT Processing,Grid,Medium,High,44642.26,1595.45,131392.77,2026-02-06 16:06:29
2995,Database Queries,Grid,Medium,Medium,40697.89,179.99,8153.06,2026-02-06 16:06:29
2996,Web Hosting,Grid,High,High,22053.99,1997.19,120375.42,2026-02-06 16:06:29
2997,Web Hosting,Grid,Low,High,37743.14,98.39,7468.28,2026-02-06 16:06:29
2566,Web Hosting,Grid,Medium,Medium,23801.51,1496.89,41369.65,2026-02-06 16:06:29
2572,IoT Processing,Grid,High,High,21893.52,1459.23,56085.24,2026-02-06 16:06:29
2573,IoT Processing,Grid,Low,Medium,27859.11,672.49,195992.9,2026-02-06 16:06:29
2577,AI Training,Grid,Low,High,48299.83,1011.41,152991.73,2026-02-06 16:06:29
2580,AI Training,Grid,Quantum-Safe,Medium,29267.18,1890.34,41260.92,2026-02-06 16:06:29
2588,IoT Processing,Grid,Quantum-Safe,Medium,20922.94,1978.79,161402.2,2026-02-06 16:06:29
2589,Database Queries,Grid,Medium,Low,8020.79,566.84,158845.42,2026-02-06 16:06:29
2591,Web Hosting,Grid,Low,Renewable Boost,15374.32,151.45,73054.01,2026-02-06 16:06:29
2594,AI Training,Grid,High,High,45112.94,1998.95,194918.41,2026-02-06 16:06:29
2596,Web Hosting,Grid,Quantum-Safe,Medium,34141.69,1584.11,185013.06,2026-02-06 16:06:29
2599,Web Hosting,Grid,Medium,Low,15495.38,344.97,135701.42,2026-02-06 16:06:29
2603,Cloud Storage,Grid,Low,Low,33429.89,1102.34,58463.9,2026-02-06 16:06:29
2607,IoT Processing,Grid,Quantum-Safe,High,36710.12,850.47,153756.82,2026-02-06 16:06:29
2610,Web Hosting,Grid,Medium,Low,28272.34,1613.56,171186.12,2026-02-06 16:06:29
2617,Database Queries,Grid,Medium,High,6068.27,1048.91,10511.62,2026-02-06 16:06:29
2618,IoT Processing,Grid,Low,Low,20699.33,1000.38,7907.5,2026-02-06 16:06:29
2620,AI Training,Grid,Medium,High,39211.22,1895.06,54074.56,2026-02-06 16:06:29
2623,AI Training,Grid,Quantum-Safe,Renewable Boost,35894.72,148.13,31915.38,2026-02-06 16:06:29
2628,Web Hosting,Grid,Medium,Medium,42706.39,1460.49,20141.34,2026-02-06 16:06:29
2630,Database Queries,Grid,Low,Renewable Boost,28721.5,1680.35,35025.0,2026-02-06 16:06:29
2635,IoT Processing,Grid,High,High,30749.63,546.59,72045.39,2026-02-06 16:06:29
2636,AI Training,Grid,Low,High,20047.59,1003.45,124736.08,2026-02-06 16:06:29
2642,AI Training,Grid,Medium,Peak,49379.47,1270.39,176486.38,2026-02-06 16:06:29
2643,IoT Processing,Grid,Low,Low,22761.07,156.29,12652.5,2026-02-06 16:06:29
2644,IoT Processing,Grid,Quantum-Safe,Low,27061.72,1681.06,197656.62,2026-02-06 16:06:29
2650,AI Training,Grid,Quantum-Safe,Medium,15981.45,671.69,25626.89,2026-02-06 16:06:29
2651,IoT Processing,Grid,Low,High,20732.48,1207.32,59194.79,2026-02-06 16:06:29
2653,Cloud Storage,Grid,Low,Medium,34427.39,276.85,112247.74,2026-02-06 16:06:29
2657,Cloud Storage,Grid,High,Peak,7287.97,1586.67,142055.91,2026-02-06 16:06:29
2659,Web Hosting,Grid,High,High,34977.68,314.47,104501.22,2026-02-06 16:06:29
2663,Web Hosting,Grid,Quantum-Safe,Renewable Boost,25497.99,1576.35,188545.52,2026-02-06 16:06:29
2677,Web Hosting,Grid,Low,High,29692.62,554.19,180153.59,2026-02-06 16:06:29
2678,Database Queries,Grid,Quantum-Safe,Renewable Boost,27527.35,707.56,118361.15,2026-02-06 16:06:29
2680,Web Hosting,Grid,Low,High,3794.32,149.89,50355.95,2026-02-06 16:06:29
2517,IoT Processing,Grid,High,Renewable Boost,17183.95,256.3,82224.75,2026-02-06 16:06:29
2521,IoT Processing,Grid,Low,Peak,46787.22,1051.36,59163.99,2026-02-06 16:06:29
2523,Database Queries,Grid,Medium,High,41340.39,1094.59,131821.28,2026-02-06 16:06:29
2524,IoT Processing,Grid,Quantum-Safe,Peak,28253.34,818.67,152613.98,2026-02-06 16:06:29
2527,IoT Processing,Grid,Quantum-Safe,Medium,41100.64,970.21,163110.0,2026-02-06 16:06:29
2529,Web Hosting,Grid,High,Medium,44605.76,1701.23,29156.71,2026-02-06 16:06:29
2532,Web Hosting,Grid,Low,Low,11305.61,699.93,159633.76,2026-02-06 16:06:29
2543,Cloud Storage,Grid,High,Medium,30117.85,379.28,34073.66,2026-02-06 16:06:29
2546,AI Training,Grid,High,Low,29192.6,118.56,175689.17,2026-02-06 16:06:29
2549,Cloud Storage,Grid,High,High,38660.49,1125.84,9672.47,2026-02-06 16:06:29
2554,AI Training,Grid,Quantum-Safe,Peak,37606.84,553.54,46152.47,2026-02-06 16:06:29
2564,Cloud Storage,Grid,Low,Low,46514.12,1149.29,170568.82,2026-02-06 16:06:29
2001,Cloud Storage,Grid,High,Medium,14640.06,1113.58,194423.36,2026-02-06 16:06:29
2008,Web Hosting,Grid,High,Peak,18410.67,1760.4,103742.48,2026-02-06 16:06:29
2011,Cloud Storage,Grid,Low,Peak,11314.84,258.09,167387.94,2026-02-06 16:06:29
2014,IoT Processing,Grid,High,Renewable Boost,17789.61,1664.96,98848.85,2026-02-06 16:06:29
2021,IoT Processing,Grid,Low,Medium,40386.44,557.09,40156.58,2026-02-06 16:06:29
2023,Database Queries,Grid,High,Peak,29454.26,1888.82,163386.71,2026-02-06 16:06:29
2024,IoT Processing,Grid,Quantum-Safe,High,25769.93,1240.23,137430.12,2026-02-06 16:06:29
2030,Database Queries,Grid,Medium,Low,23519.62,1296.26,170474.59,2026-02-06 16:06:29
2031,Cloud Storage,Grid,High,Medium,16016.71,714.88,85743.38,2026-02-06 16:06:29
2032,IoT Processing,Grid,Low,High,41296.68,1995.46,54470.88,2026-02-06 16:06:29
2033,Web Hosting,Grid,Quantum-Safe,Low,3791.96,563.93,174604.87,2026-02-06 16:06:29
2034,Cloud Storage,Grid,High,Low,21511.76,594.3,89244.84,2026-02-06 16:06:29
2036,AI Training,Grid,Medium,Medium,36525.3,98.06,56363.7,2026-02-06 16:06:29
2037,IoT Processing,Grid,Medium,Renewable Boost,29140.09,1408.54,5766.22,2026-02-06 16:06:29
2041,Web Hosting,Grid,High,High,16379.9,1952.42,58834.65,2026-02-06 16:06:29
2055,Cloud Storage,Grid,Quantum-Safe,Medium,20933.44,945.72,129713.0,2026-02-06 16:06:29
2057,Web Hosting,Grid,Low,Renewable Boost,23245.51,882.44,85769.11,2026-02-06 16:06:29
2059,IoT Processing,Grid,High,Peak,7174.1,1860.68,157966.1,2026-02-06 16:06:29
2066,Database Queries,Grid,High,Medium,32592.52,981.84,160412.59,2026-02-06 16:06:29
2067,Database Queries,Grid,Low,Peak,12261.51,742.8,105421.06,2026-02-06 16:06:29
2073,AI Training,Grid,High,High,10078.25,294.24,190241.23,2026-02-06 16:06:29
2096,IoT Processing,Grid,High,Low,13899.12,1695.27,18916.57,2026-02-06 16:06:29
2100,IoT Processing,Grid,Quantum-Safe,Medium,31739.12,228.14,86581.94,2026-02-06 16:06:29
2102,Database Queries,Grid,Medium,Low,8450.38,1185.75,182596.6,2026-02-06 16:06:29
2105,Web Hosting,Grid,Quantum-Safe,Low,5595.05,409.28,67331.37,2026-02-06 16:06:29
2108,AI Training,Grid,High,Peak,2962.9,1688.68,126607.06,2026-02-06 16:06:29
2109,Database Queries,Grid,Medium,Medium,15281.58,84.12,98931.47,2026-02-06 16:06:29
2112,Database Queries,Grid,Quantum-Safe,Medium,45513.29,1648.02,165119.11,2026-02-06 16:06:29
2114,AI Training,Grid,Low,Peak,23848.67,731.75,146822.03,2026-02-06 16:06:29
2119,Cloud Storage,Grid,Quantum-Safe,Low,30248.62,1270.02,8224.74,2026-02-06 16:06:29
2120,Cloud Storage,Grid,Medium,Medium,49978.33,1182.47,163884.44,2026-02-06 16:06:29
2131,Database Queries,Grid,Quantum-Safe,Peak,25982.85,409.0,172379.43,2026-02-06 16:06:29
2134,IoT Processing,Grid,Quantum-Safe,Peak,2710.67,1178.58,160052.44,2026-02-06 16:06:29
2140,Cloud Storage,Grid,Low,Low,23002.9,1507.67,9126.94,2026-02-06 16:06:29
2146,Web Hosting,Grid,Low,Peak,14771.44,115.18,47861.14,2026-02-06 16:06:29
2147,IoT Processing,Grid,Medium,Low,9501.31,1180.6,65366.02,2026-02-06 16:06:29
2156,Database Queries,Grid,Low,High,28723.3,1530.0,95453.72,2026-02-06 16:06:29
2167,Cloud Storage,Grid,High,Peak,48113.12,923.54,95531.95,2026-02-06 16:06:29
2169,Database Queries,Grid,High,Renewable Boost,46727.05,1968.97,180770.44,2026-02-06 16:06:29
2172,Web Hosting,Grid,Medium,Peak,34246.5,741.37,101624.29,2026-02-06 16:06:29
2173,AI Training,Grid,Medium,Peak,16559.94,1150.96,25790.76,2026-02-06 16:06:29
2174,IoT Processing,Grid,Low,Peak,42557.35,542.03,72388.27,2026-02-06 16:06:29
2175,Database Queries,Grid,Low,High,47410.91,1834.82,33935.15,2026-02-06 16:06:29
2186,AI Training,Grid,High,Low,16282.09,638.09,83536.96,2026-02-06 16:06:29
2196,IoT Processing,Grid,Quantum-Safe,Renewable Boost,46502.9,1304.69,85046.16,2026-02-06 16:06:29
2199,Cloud Storage,Grid,Medium,Peak,8976.76,375.35,29775.97,2026-02-06 16:06:29
2202,IoT Processing,Grid,Medium,Medium,48435.74,740.43,45723.22,2026-02-06 16:06:29
2206,IoT Processing,Grid,Low,Medium,24077.05,1381.21,143172.93,2026-02-06 16:06:29
2209,Web Hosting,Grid,Medium,Renewable Boost,37939.54,126.06,144240.59,2026-02-06 16:06:29
2213,Cloud Storage,Grid,High,High,38095.36,1673.16,64955.12,2026-02-06 16:06:29
2224,Cloud Storage,Grid,Low,Renewable Boost,34861.73,1572.36,47043.77,2026-02-06 16:06:29
2907,Database Queries,Grid,Quantum-Safe,Medium,18146.95,1127.77,99254.09,2026-02-06 16:06:29
2227,Cloud Storage,Grid,Medium,Peak,10046.99,1279.74,162990.14,2026-02-06 16:06:29
2235,Cloud Storage,Grid,Low,Medium,25148.16,1755.75,89184.79,2026-02-06 16:06:29
2236,Database Queries,Grid,Medium,High,15697.16,1487.99,128639.85,2026-02-06 16:06:29
2238,IoT Processing,Grid,Medium,High,22258.35,181.2,15176.09,2026-02-06 16:06:29
2252,AI Training,Grid,High,Low,17012.94,840.13,114515.15,2026-02-06 16:06:29
2256,Database Queries,Grid,Low,Low,6118.27,1823.65,174808.03,2026-02-06 16:06:29
2258,AI Training,Grid,Medium,Medium,23735.1,1648.37,117892.63,2026-02-06 16:06:29
2263,Database Queries,Grid,Low,Renewable Boost,30147.52,1932.62,198439.42,2026-02-06 16:06:29
2264,AI Training,Grid,Quantum-Safe,Low,37204.47,1835.84,40664.29,2026-02-06 16:06:29
2266,Database Queries,Grid,Low,Medium,33277.16,1600.47,175045.8,2026-02-06 16:06:29
2267,IoT Processing,Grid,Medium,Low,27082.3,314.7,48882.88,2026-02-06 16:06:29
2270,Web Hosting,Grid,Quantum-Safe,Peak,28830.74,369.27,82039.88,2026-02-06 16:06:29
2274,Database Queries,Grid,Medium,Peak,49194.79,1641.11,198668.3,2026-02-06 16:06:29
2276,IoT Processing,Grid,Medium,Low,48516.46,222.37,27383.32,2026-02-06 16:06:29
2277,AI Training,Grid,Low,High,22130.46,717.34,146563.91,2026-02-06 16:06:29
2280,IoT Processing,Grid,Quantum-Safe,High,3585.5,861.51,25540.11,2026-02-06 16:06:29
2281,Cloud Storage,Grid,High,Low,34908.55,374.75,193269.7,2026-02-06 16:06:29
2297,Cloud Storage,Grid,Low,Medium,23867.96,1292.74,71244.34,2026-02-06 16:06:29
2304,AI Training,Grid,Quantum-Safe,Medium,19845.94,892.53,184308.47,2026-02-06 16:06:29
2305,Database Queries,Grid,Medium,High,23497.08,1602.96,108974.13,2026-02-06 16:06:29
2307,Database Queries,Grid,High,Peak,46695.19,1778.86,119794.35,2026-02-06 16:06:29
2315,Cloud Storage,Grid,Quantum-Safe,Low,8899.72,1753.39,196497.82,2026-02-06 16:06:29
2318,Web Hosting,Grid,Low,Renewable Boost,28547.25,1485.27,163743.32,2026-02-06 16:06:29
2325,Web Hosting,Grid,Quantum-Safe,Medium,33427.11,843.21,114876.74,2026-02-06 16:06:29
2327,Web Hosting,Grid,High,Peak,18378.64,330.56,108734.49,2026-02-06 16:06:29
2329,Database Queries,Grid,Medium,Renewable Boost,20757.18,88.95,159482.32,2026-02-06 16:06:29
2330,IoT Processing,Grid,Medium,Renewable Boost,41848.56,1193.87,152835.2,2026-02-06 16:06:29
2331,Cloud Storage,Grid,High,High,40918.88,938.02,182569.44,2026-02-06 16:06:29
2336,Database Queries,Grid,Medium,Peak,18389.99,913.25,30387.92,2026-02-06 16:06:29
2337,AI Training,Grid,Low,Low,21245.45,1477.83,20849.43,2026-02-06 16:06:29
2338,AI Training,Grid,High,Renewable Boost,34115.32,504.39,9064.82,2026-02-06 16:06:29
2345,Web Hosting,Grid,Low,Peak,3053.85,860.47,165993.69,2026-02-06 16:06:29
2349,Database Queries,Grid,Quantum-Safe,Peak,28294.99,923.77,128808.28,2026-02-06 16:06:29
2350,Web Hosting,Grid,Medium,Medium,12337.65,1001.41,171978.37,2026-02-06 16:06:29
2351,AI Training,Grid,Medium,Low,25618.94,448.3,100668.89,2026-02-06 16:06:29
2353,Web Hosting,Grid,Quantum-Safe,Renewable Boost,47947.78,749.55,38096.07,2026-02-06 16:06:29
2374,Cloud Storage,Grid,Low,Peak,13307.29,782.85,86403.93,2026-02-06 16:06:29
2376,Cloud Storage,Grid,Low,High,24717.01,1264.76,152484.7,2026-02-06 16:06:29
2380,Web Hosting,Grid,Quantum-Safe,Medium,16935.35,370.9,7150.48,2026-02-06 16:06:29
2387,Database Queries,Grid,Quantum-Safe,Renewable Boost,36690.17,1969.92,175441.03,2026-02-06 16:06:29
2391,Cloud Storage,Grid,High,Low,47391.06,263.49,165490.52,2026-02-06 16:06:29
2395,Database Queries,Grid,Low,Medium,49526.28,528.64,62724.79,2026-02-06 16:06:29
2407,AI Training,Grid,High,Renewable Boost,21442.48,1385.21,159483.36,2026-02-06 16:06:29
2411,IoT Processing,Grid,Low,Medium,38106.87,851.7,22713.45,2026-02-06 16:06:29
2412,AI Training,Grid,High,High,45000.27,506.93,30142.77,2026-02-06 16:06:29
2427,Database Queries,Grid,High,Medium,46396.73,652.39,137300.39,2026-02-06 16:06:29
2430,Cloud Storage,Grid,Medium,High,2930.2,1631.32,183193.89,2026-02-06 16:06:29
2433,Web Hosting,Grid,Low,Low,2403.97,842.6,65402.92,2026-02-06 16:06:29
2440,IoT Processing,Grid,Low,Peak,20486.54,1659.79,151600.79,2026-02-06 16:06:29
2452,Web Hosting,Grid,Quantum-Safe,Peak,40476.79,83.09,5730.29,2026-02-06 16:06:29
2453,Cloud Storage,Grid,High,Low,11991.61,1922.72,108770.71,2026-02-06 16:06:29
2454,Web Hosting,Grid,High,Renewable Boost,12077.87,136.95,25895.56,2026-02-06 16:06:29
2462,Database Queries,Grid,Medium,Medium,11345.17,1106.93,35340.11,2026-02-06 16:06:29
2464,Web Hosting,Grid,Medium,Medium,3513.4,1022.99,12367.92,2026-02-06 16:06:29
2467,Cloud Storage,Grid,High,Medium,17385.66,1031.28,175365.39,2026-02-06 16:06:29
2474,Web Hosting,Grid,Quantum-Safe,Renewable Boost,8541.1,1245.58,155867.47,2026-02-06 16:06:29
2477,Web Hosting,Grid,Quantum-Safe,High,18692.66,1060.81,88606.52,2026-02-06 16:06:29
2490,Database Queries,Grid,Low,Renewable Boost,12269.69,224.47,18808.87,2026-02-06 16:06:29
2491,Web Hosting,Grid,High,High,21153.89,865.07,83042.72,2026-02-06 16:06:29
2499,AI Training,Grid,Medium,Medium,37159.6,1453.99,92338.81,2026-02-06 16:06:29
2501,Database Queries,Grid,High,Renewable Boost,33892.27,1265.12,102967.71,2026-02-06 16:06:29
2505,AI Training,Grid,Low,Low,8653.87,1296.44,175985.32,2026-02-06 16:06:29
2506,AI Training,Grid,Medium,Medium,49432.63,509.58,110991.06,2026-02-06 16:06:29
2507,Cloud Storage,Grid,Medium,High,48886.72,1441.64,51461.17,2026-02-06 16:06:29
2243,AI Training,Wind,Medium,Medium,17853.93,551.45,51700.3,2026-02-06 16:06:29
2255,Database Queries,Wind,Quantum-Safe,Renewable Boost,40248.05,82.98,134975.0,2026-02-06 16:06:29
2257,AI Training,Wind,High,Low,29266.01,575.78,174670.56,2026-02-06 16:06:29
2260,Database Queries,Wind,Medium,High,49047.84,462.29,130106.21,2026-02-06 16:06:29
2261,Database Queries,Wind,Low,Renewable Boost,11520.1,567.08,164551.34,2026-02-06 16:06:29
2269,Database Queries,Wind,Low,Low,9453.67,1930.49,30853.53,2026-02-06 16:06:29
2278,IoT Processing,Wind,Medium,Peak,18028.42,1963.7,15090.37,2026-02-06 16:06:29
2283,Database Queries,Wind,High,High,12099.56,1650.66,42815.92,2026-02-06 16:06:29
2286,IoT Processing,Wind,Quantum-Safe,Low,29303.96,160.42,105531.66,2026-02-06 16:06:29
2288,Database Queries,Wind,Low,Peak,41354.06,1182.5,48210.72,2026-02-06 16:06:29
2290,Web Hosting,Wind,Low,High,24390.17,1018.65,65362.87,2026-02-06 16:06:29
2291,Database Queries,Wind,Medium,Peak,18190.14,1693.74,184815.61,2026-02-06 16:06:29
2300,Database Queries,Wind,Medium,Medium,11840.7,1092.86,13219.33,2026-02-06 16:06:29
2302,Web Hosting,Wind,Medium,Medium,40611.88,975.34,161235.93,2026-02-06 16:06:29
2303,IoT Processing,Wind,Medium,Medium,41357.56,1641.31,155475.28,2026-02-06 16:06:29
2306,Cloud Storage,Wind,Medium,Low,15861.01,1211.06,24512.61,2026-02-06 16:06:29
2308,Database Queries,Wind,Medium,Renewable Boost,6813.54,851.34,156787.14,2026-02-06 16:06:29
2311,Database Queries,Wind,Low,Renewable Boost,27047.04,863.9,7396.68,2026-02-06 16:06:29
2313,IoT Processing,Wind,Quantum-Safe,High,24304.21,232.44,177913.21,2026-02-06 16:06:29
2322,IoT Processing,Wind,Low,High,6701.57,1921.5,178414.42,2026-02-06 16:06:29
2323,IoT Processing,Wind,High,High,31027.0,1710.58,176745.97,2026-02-06 16:06:29
2324,Cloud Storage,Wind,High,High,46985.63,1734.39,152743.24,2026-02-06 16:06:29
2341,Web Hosting,Wind,Quantum-Safe,Medium,20367.71,460.99,197448.17,2026-02-06 16:06:29
2343,AI Training,Wind,Quantum-Safe,Low,8683.82,1274.66,69721.73,2026-02-06 16:06:29
2344,Web Hosting,Wind,Quantum-Safe,High,41537.81,1668.38,126762.86,2026-02-06 16:06:29
2347,AI Training,Wind,Low,High,9241.98,1740.67,161609.21,2026-02-06 16:06:29
2356,Database Queries,Wind,Low,Peak,46780.9,997.48,26663.96,2026-02-06 16:06:29
2359,Cloud Storage,Wind,Low,High,31861.21,1611.6,114274.07,2026-02-06 16:06:29
2360,AI Training,Wind,Low,High,20757.32,929.7,82601.67,2026-02-06 16:06:29
2361,IoT Processing,Wind,Low,Low,37867.5,1451.46,136561.43,2026-02-06 16:06:29
2367,AI Training,Wind,Medium,Peak,8175.38,1833.94,18070.48,2026-02-06 16:06:29
2368,Database Queries,Wind,Low,Peak,41813.56,704.04,179665.24,2026-02-06 16:06:29
2369,Web Hosting,Wind,Medium,Renewable Boost,27474.53,1906.91,139904.62,2026-02-06 16:06:29
2370,Cloud Storage,Wind,Low,Renewable Boost,42388.63,1089.46,28715.54,2026-02-06 16:06:29
2372,Database Queries,Wind,High,Renewable Boost,19572.98,1108.73,195100.14,2026-02-06 16:06:29
2375,IoT Processing,Wind,Quantum-Safe,Peak,42366.4,243.33,141837.55,2026-02-06 16:06:29
2377,IoT Processing,Wind,Quantum-Safe,Low,26190.68,921.4,157092.63,2026-02-06 16:06:29
2383,Cloud Storage,Wind,Low,Medium,1312.57,1435.32,44615.02,2026-02-06 16:06:29
2394,AI Training,Wind,Low,Medium,14030.49,1313.66,195987.0,2026-02-06 16:06:29
2397,Database Queries,Wind,High,Renewable Boost,30572.91,1564.8,5804.8,2026-02-06 16:06:29
2400,Web Hosting,Wind,Medium,Renewable Boost,6898.99,1790.31,51549.36,2026-02-06 16:06:29
2403,Database Queries,Wind,Quantum-Safe,Medium,31514.92,534.16,20109.73,2026-02-06 16:06:29
2406,AI Training,Wind,Low,Renewable Boost,27776.47,1478.59,41192.79,2026-02-06 16:06:29
2419,Web Hosting,Wind,Quantum-Safe,Peak,8987.94,1376.49,112085.36,2026-02-06 16:06:29
2420,AI Training,Wind,High,Low,12456.83,1659.61,145761.37,2026-02-06 16:06:29
2421,Web Hosting,Wind,Quantum-Safe,Low,2161.68,335.89,198707.69,2026-02-06 16:06:29
2423,IoT Processing,Wind,Low,Renewable Boost,48759.84,1590.66,14611.94,2026-02-06 16:06:29
2431,Cloud Storage,Wind,Quantum-Safe,High,29123.54,830.7,193723.37,2026-02-06 16:06:29
2434,Web Hosting,Wind,Low,Peak,29579.37,1555.08,43262.05,2026-02-06 16:06:29
2437,IoT Processing,Wind,High,Low,16015.21,1820.13,176162.88,2026-02-06 16:06:29
2438,AI Training,Wind,High,Peak,2972.64,220.46,24506.18,2026-02-06 16:06:29
2439,Cloud Storage,Wind,High,Medium,29829.26,1876.16,55259.31,2026-02-06 16:06:29
2445,AI Training,Wind,Medium,Renewable Boost,14303.11,613.84,35835.87,2026-02-06 16:06:29
2446,IoT Processing,Wind,High,Peak,45307.92,1906.91,172817.88,2026-02-06 16:06:29
2448,Web Hosting,Wind,Medium,Renewable Boost,27943.56,342.32,183819.23,2026-02-06 16:06:29
2450,Database Queries,Wind,Quantum-Safe,Low,21879.94,1172.8,58632.85,2026-02-06 16:06:29
2455,AI Training,Wind,Medium,Peak,41047.96,328.97,81386.91,2026-02-06 16:06:29
2471,IoT Processing,Wind,Quantum-Safe,Medium,29027.8,1314.1,132589.73,2026-02-06 16:06:29
2475,Web Hosting,Wind,Medium,High,8313.22,356.55,108093.74,2026-02-06 16:06:29
2479,Cloud Storage,Wind,Quantum-Safe,Medium,34305.16,1272.32,92546.31,2026-02-06 16:06:29
2481,Web Hosting,Wind,High,High,2698.96,1617.2,192167.7,2026-02-06 16:06:29
2484,Cloud Storage,Wind,Quantum-Safe,Peak,10478.33,1028.65,170284.22,2026-02-06 16:06:29
2486,Database Queries,Wind,Medium,High,13731.58,1519.28,126736.63,2026-02-06 16:06:29
2488,Database Queries,Wind,Low,High,44888.81,1116.49,168158.59,2026-02-06 16:06:29
2492,AI Training,Wind,Quantum-Safe,High,12786.05,1713.91,117499.82,2026-02-06 16:06:29
2494,IoT Processing,Wind,Medium,Peak,41477.17,243.51,194977.29,2026-02-06 16:06:29
2498,Database Queries,Wind,Low,High,8659.53,301.36,115208.78,2026-02-06 16:06:29
2502,Cloud Storage,Wind,Medium,High,14261.55,744.33,71042.52,2026-02-06 16:06:29
2504,Database Queries,Wind,Low,Low,49636.51,505.7,111059.27,2026-02-06 16:06:29
2510,Database Queries,Wind,Low,Renewable Boost,29312.55,1739.86,45334.0,2026-02-06 16:06:29
2511,Web Hosting,Wind,High,Low,43438.98,1207.47,126584.02,2026-02-06 16:06:29
2512,Web Hosting,Wind,Quantum-Safe,Medium,15182.54,297.87,74754.77,2026-02-06 16:06:29
2514,Database Queries,Wind,Quantum-Safe,Low,31350.11,363.68,93393.45,2026-02-06 16:06:29
2516,Database Queries,Wind,Quantum-Safe,Renewable Boost,21946.84,1529.79,23629.56,2026-02-06 16:06:29
2530,IoT Processing,Wind,Quantum-Safe,Peak,49606.17,1672.29,115066.16,2026-02-06 16:06:29
2539,AI Training,Wind,Medium,Low,34018.11,258.3,173371.41,2026-02-06 16:06:29
2541,Web Hosting,Wind,High,Low,16892.14,1901.1,95437.22,2026-02-06 16:06:29
2548,AI Training,Wind,Quantum-Safe,Medium,14520.21,1111.01,111834.81,2026-02-06 16:06:29
2551,Database Queries,Wind,Low,Medium,34925.36,922.24,118278.21,2026-02-06 16:06:29
2557,AI Training,Wind,Low,Low,7417.71,1531.06,127350.61,2026-02-06 16:06:29
2558,Cloud Storage,Wind,High,High,30693.85,451.68,115406.27,2026-02-06 16:06:29
2559,Database Queries,Wind,High,Peak,42622.87,1433.13,124369.22,2026-02-06 16:06:29
2565,Database Queries,Wind,Low,High,17266.6,449.71,125213.47,2026-02-06 16:06:29
2002,Cloud Storage,Wind,Quantum-Safe,Medium,40116.37,310.16,21317.79,2026-02-06 16:06:29
2007,Web Hosting,Wind,Low,High,13566.69,333.76,181719.58,2026-02-06 16:06:29
2009,Cloud Storage,Wind,Quantum-Safe,Medium,34025.72,1079.97,120850.4,2026-02-06 16:06:29
2010,Database Queries,Wind,High,Low,4065.68,961.16,143088.73,2026-02-06 16:06:29
2012,Database Queries,Wind,Low,Medium,40642.16,1316.63,28694.68,2026-02-06 16:06:29
2016,Web Hosting,Wind,Quantum-Safe,Peak,8591.34,196.79,87660.45,2026-02-06 16:06:29
2017,Database Queries,Wind,Medium,Medium,5054.1,269.17,104296.26,2026-02-06 16:06:29
2018,Cloud Storage,Wind,Low,Medium,24742.36,146.15,189284.86,2026-02-06 16:06:29
2026,IoT Processing,Wind,Quantum-Safe,Low,31575.93,1435.19,115138.49,2026-02-06 16:06:29
2042,IoT Processing,Wind,Low,Peak,27363.11,177.29,91510.9,2026-02-06 16:06:29
2045,Web Hosting,Wind,High,Peak,44586.45,1312.32,157390.6,2026-02-06 16:06:29
2046,IoT Processing,Wind,Low,Low,19201.9,300.28,34559.64,2026-02-06 16:06:29
2049,Cloud Storage,Wind,Medium,Medium,37340.43,1828.05,137568.17,2026-02-06 16:06:29
2051,Web Hosting,Wind,Low,Low,24675.86,127.9,26249.47,2026-02-06 16:06:29
2052,AI Training,Wind,Medium,Low,42073.29,756.47,53892.71,2026-02-06 16:06:29
2058,Cloud Storage,Wind,High,Renewable Boost,38359.9,964.6,13688.54,2026-02-06 16:06:29
2060,Database Queries,Wind,Low,Medium,10624.54,1300.12,137349.08,2026-02-06 16:06:29
2061,Web Hosting,Wind,High,Renewable Boost,47620.8,657.72,97196.87,2026-02-06 16:06:29
2062,Web Hosting,Wind,Quantum-Safe,Low,9599.09,1074.37,180453.12,2026-02-06 16:06:29
2068,Database Queries,Wind,Medium,Medium,28080.45,1380.9,30493.27,2026-02-06 16:06:29
2069,Web Hosting,Wind,Quantum-Safe,Renewable Boost,19236.49,1341.35,46938.94,2026-02-06 16:06:29
2071,AI Training,Wind,High,Peak,7919.95,572.88,80083.04,2026-02-06 16:06:29
2081,Web Hosting,Wind,Quantum-Safe,High,28991.76,200.09,181194.06,2026-02-06 16:06:29
2082,Cloud Storage,Wind,Quantum-Safe,Low,8007.06,1357.99,51602.38,2026-02-06 16:06:29
2083,IoT Processing,Wind,Quantum-Safe,Peak,19352.86,1651.46,45270.07,2026-02-06 16:06:29
2084,Cloud Storage,Wind,Medium,Medium,40088.88,527.08,194115.05,2026-02-06 16:06:29
2088,Web Hosting,Wind,Low,Renewable Boost,42410.92,524.2,12310.15,2026-02-06 16:06:29
2091,Database Queries,Wind,Low,High,33965.47,248.66,112596.96,2026-02-06 16:06:29
2092,Database Queries,Wind,Quantum-Safe,Medium,11804.71,1826.68,58440.57,2026-02-06 16:06:29
2098,AI Training,Wind,Medium,High,43662.78,717.67,99685.41,2026-02-06 16:06:29
2106,Web Hosting,Wind,Quantum-Safe,Peak,24820.39,161.15,79316.32,2026-02-06 16:06:29
2107,Database Queries,Wind,Medium,Renewable Boost,46116.24,1196.21,124673.88,2026-02-06 16:06:29
2115,IoT Processing,Wind,Medium,Renewable Boost,38268.21,1212.88,57564.53,2026-02-06 16:06:29
2116,Web Hosting,Wind,Medium,Peak,8570.12,584.72,24533.02,2026-02-06 16:06:29
2122,IoT Processing,Wind,Low,High,20495.42,1366.7,118181.54,2026-02-06 16:06:29
2125,Database Queries,Wind,Medium,Medium,2492.72,295.91,178490.28,2026-02-06 16:06:29
2126,Database Queries,Wind,High,Renewable Boost,11017.97,303.22,123694.07,2026-02-06 16:06:29
2135,Database Queries,Wind,Medium,Peak,28006.84,1255.66,157440.44,2026-02-06 16:06:29
2142,Database Queries,Wind,High,Renewable Boost,3431.1,607.96,33172.76,2026-02-06 16:06:29
2144,Cloud Storage,Wind,Medium,Renewable Boost,6468.06,662.62,181570.45,2026-02-06 16:06:29
2148,Web Hosting,Wind,Medium,Renewable Boost,19607.82,374.68,125292.39,2026-02-06 16:06:29
2150,Database Queries,Wind,Quantum-Safe,Low,20212.59,392.99,47562.55,2026-02-06 16:06:29
2155,AI Training,Wind,High,Low,34192.26,331.27,189782.49,2026-02-06 16:06:29
2159,Web Hosting,Wind,Low,Low,4242.09,335.9,69124.83,2026-02-06 16:06:29
2160,Web Hosting,Wind,Low,High,1938.62,1309.56,132430.34,2026-02-06 16:06:29
2162,AI Training,Wind,High,Medium,26712.05,355.68,116295.03,2026-02-06 16:06:29
2168,AI Training,Wind,High,Peak,33725.53,840.67,185799.09,2026-02-06 16:06:29
2176,Cloud Storage,Wind,Low,Low,44357.9,568.09,129027.87,2026-02-06 16:06:29
2178,IoT Processing,Wind,Low,Low,14595.77,251.78,199363.09,2026-02-06 16:06:29
2180,Web Hosting,Wind,High,High,48204.66,1818.62,121807.46,2026-02-06 16:06:29
2187,Database Queries,Wind,High,Renewable Boost,17658.62,417.19,19812.26,2026-02-06 16:06:29
2189,Web Hosting,Wind,High,Renewable Boost,22697.11,231.38,54284.82,2026-02-06 16:06:29
2190,AI Training,Wind,High,High,13791.38,330.54,65724.1,2026-02-06 16:06:29
2192,IoT Processing,Wind,Medium,Low,41894.02,874.74,173608.53,2026-02-06 16:06:29
2195,Web Hosting,Wind,Medium,Low,19252.94,304.12,116039.37,2026-02-06 16:06:29
2200,Web Hosting,Wind,Low,Medium,30165.43,1851.28,25255.39,2026-02-06 16:06:29
2203,Cloud Storage,Wind,Quantum-Safe,High,22889.01,1328.85,64820.69,2026-02-06 16:06:29
2207,IoT Processing,Wind,High,Renewable Boost,33433.77,1276.03,126569.2,2026-02-06 16:06:29
2214,Web Hosting,Wind,Quantum-Safe,High,3724.67,1983.67,197062.88,2026-02-06 16:06:29
2219,AI Training,Wind,Low,Renewable Boost,20717.91,1971.92,52592.37,2026-02-06 16:06:29
2226,Web Hosting,Wind,Low,High,10339.88,796.53,104039.37,2026-02-06 16:06:29
2909,IoT Processing,Wind,Medium,Low,49633.22,295.97,40392.04,2026-02-06 16:06:29
2914,Cloud Storage,Wind,Medium,Peak,20567.3,113.35,50233.85,2026-02-06 16:06:29
2921,Database Queries,Wind,Medium,Low,21580.54,1690.14,175987.42,2026-02-06 16:06:29
2923,Cloud Storage,Wind,Low,Low,41797.98,889.17,8005.96,2026-02-06 16:06:29
2931,Database Queries,Wind,Quantum-Safe,Peak,20734.23,567.2,38582.57,2026-02-06 16:06:29
2936,Web Hosting,Wind,Medium,Medium,20404.05,157.95,52737.75,2026-02-06 16:06:29
2937,Cloud Storage,Wind,High,Low,7517.48,1099.34,47444.85,2026-02-06 16:06:29
2943,AI Training,Wind,Quantum-Safe,Peak,11207.45,1312.66,62005.0,2026-02-06 16:06:29
2951,Web Hosting,Wind,Low,Renewable Boost,8911.43,1205.36,166877.09,2026-02-06 16:06:29
2954,Database Queries,Wind,Low,High,28944.06,69.59,17630.58,2026-02-06 16:06:29
2956,IoT Processing,Wind,High,Low,37371.3,1008.09,46248.08,2026-02-06 16:06:29
2959,Web Hosting,Wind,Quantum-Safe,High,39230.42,877.53,49122.57,2026-02-06 16:06:29
2965,Web Hosting,Wind,Medium,Renewable Boost,37016.23,1933.74,19463.66,2026-02-06 16:06:29
2966,AI Training,Wind,Quantum-Safe,Low,30895.29,304.74,198473.48,2026-02-06 16:06:29
2967,IoT Processing,Wind,Low,Medium,24920.71,775.08,132840.82,2026-02-06 16:06:29
2968,Database Queries,Wind,Quantum-Safe,Low,7525.92,100.39,110708.82,2026-02-06 16:06:29
2970,IoT Processing,Wind,High,High,21535.87,1571.92,168815.05,2026-02-06 16:06:29
2981,IoT Processing,Wind,Medium,Peak,9546.05,152.05,67663.7,2026-02-06 16:06:29
2986,Cloud Storage,Wind,Low,Renewable Boost,20960.91,504.16,89365.28,2026-02-06 16:06:29
2998,AI Training,Wind,Low,Medium,45739.03,1678.73,5234.7,2026-02-06 16:06:29
2568,AI Training,Wind,Medium,Low,4998.34,1712.46,175241.94,2026-02-06 16:06:29
2571,IoT Processing,Wind,High,Peak,31937.39,737.43,84338.5,2026-02-06 16:06:29
2575,AI Training,Wind,Quantum-Safe,Peak,15500.67,296.94,63846.95,2026-02-06 16:06:29
2581,Web Hosting,Wind,Quantum-Safe,Renewable Boost,28632.06,1954.15,26655.23,2026-02-06 16:06:29
2585,AI Training,Wind,High,Low,30444.69,576.0,199143.7,2026-02-06 16:06:29
2590,Cloud Storage,Wind,Quantum-Safe,High,36021.22,1360.52,153199.45,2026-02-06 16:06:29
2592,Cloud Storage,Wind,High,Low,26748.05,271.61,93501.38,2026-02-06 16:06:29
2597,Database Queries,Wind,High,High,34302.03,1043.97,57524.6,2026-02-06 16:06:29
2598,Cloud Storage,Wind,Low,Peak,47350.31,635.13,197869.52,2026-02-06 16:06:29
2601,Database Queries,Wind,Medium,High,14325.77,783.14,124611.13,2026-02-06 16:06:29
2604,Database Queries,Wind,High,Low,32051.87,201.09,27143.14,2026-02-06 16:06:29
2608,Database Queries,Wind,Medium,High,16852.99,1869.73,123554.38,2026-02-06 16:06:29
2609,Web Hosting,Wind,Quantum-Safe,Low,33587.74,1292.93,25003.99,2026-02-06 16:06:29
2619,Web Hosting,Wind,Quantum-Safe,Peak,36718.02,1268.93,30233.59,2026-02-06 16:06:29
2621,Web Hosting,Wind,Quantum-Safe,High,6792.71,1180.55,88762.08,2026-02-06 16:06:29
2622,IoT Processing,Wind,Quantum-Safe,Low,1001.51,1103.42,100050.89,2026-02-06 16:06:29
2625,Cloud Storage,Wind,Medium,Medium,13469.59,415.33,121246.92,2026-02-06 16:06:29
2627,AI Training,Wind,High,Medium,27474.67,1499.54,7663.68,2026-02-06 16:06:29
2632,Web Hosting,Wind,Low,Renewable Boost,5167.76,637.29,127495.61,2026-02-06 16:06:29
2638,Web Hosting,Wind,Medium,Low,5653.3,1973.81,151876.62,2026-02-06 16:06:29
2641,IoT Processing,Wind,Medium,Low,9667.95,153.01,76185.0,2026-02-06 16:06:29
2646,Cloud Storage,Wind,High,Medium,49782.88,1077.66,137821.85,2026-02-06 16:06:29
2655,Web Hosting,Wind,Medium,Low,7527.29,92.86,19173.02,2026-02-06 16:06:29
2656,Cloud Storage,Wind,Low,Medium,31987.42,1615.26,144253.7,2026-02-06 16:06:29
2665,IoT Processing,Wind,Medium,Medium,31339.46,1399.26,65682.53,2026-02-06 16:06:29
2668,IoT Processing,Wind,Medium,High,14942.53,1692.28,36515.13,2026-02-06 16:06:29
2675,Database Queries,Wind,Low,Low,6294.18,226.32,18328.58,2026-02-06 16:06:29
2679,Web Hosting,Wind,Quantum-Safe,Renewable Boost,5215.58,834.41,73606.24,2026-02-06 16:06:29
2681,IoT Processing,Wind,Low,Low,6168.69,1018.21,125292.73,2026-02-06 16:06:29
2686,Database Queries,Wind,Medium,Renewable Boost,41183.31,1616.18,91359.75,2026-02-06 16:06:29
2691,Cloud Storage,Wind,Quantum-Safe,Peak,16080.77,1606.98,19678.09,2026-02-06 16:06:29
2694,Web Hosting,Wind,Quantum-Safe,Renewable Boost,40686.3,765.11,99624.38,2026-02-06 16:06:29
2695,IoT Processing,Wind,High,Renewable Boost,29573.38,256.32,158030.99,2026-02-06 16:06:29
2700,AI Training,Wind,Low,High,10306.87,810.97,57897.37,2026-02-06 16:06:29
2706,IoT Processing,Wind,Medium,High,16472.88,1694.13,193879.69,2026-02-06 16:06:29
2711,IoT Processing,Wind,High,Medium,34107.48,1843.6,25052.4,2026-02-06 16:06:29
2712,Web Hosting,Wind,Medium,Medium,20400.92,234.96,15329.72,2026-02-06 16:06:29
2718,Database Queries,Wind,Medium,Medium,6901.92,1604.97,25378.97,2026-02-06 16:06:29
2726,IoT Processing,Wind,Quantum-Safe,Medium,33247.01,1122.26,121182.47,2026-02-06 16:06:29
2730,IoT Processing,Wind,Low,High,20634.5,470.15,165573.35,2026-02-06 16:06:29
2734,Web Hosting,Wind,High,Low,19976.45,1950.78,24453.79,2026-02-06 16:06:29
2739,Cloud Storage,Wind,Low,High,40872.44,640.98,124075.34,2026-02-06 16:06:29
2751,Web Hosting,Wind,Quantum-Safe,High,8970.38,1662.39,100123.63,2026-02-06 16:06:29
2753,Database Queries,Wind,High,Low,11232.72,1536.27,46714.96,2026-02-06 16:06:29
2754,Web Hosting,Wind,Low,Medium,3869.7,1441.53,86481.96,2026-02-06 16:06:29
2762,IoT Processing,Wind,Medium,Peak,4884.73,809.4,85015.83,2026-02-06 16:06:29
2763,Database Queries,Wind,Low,Medium,28726.68,1905.82,197736.03,2026-02-06 16:06:29
2765,Web Hosting,Wind,Low,High,20419.32,1742.79,55001.58,2026-02-06 16:06:29
2768,AI Training,Wind,Medium,Low,8420.83,212.35,121839.25,2026-02-06 16:06:29
2773,Cloud Storage,Wind,Low,High,38001.55,996.27,72177.86,2026-02-06 16:06:29
2786,Web Hosting,Wind,High,High,9680.52,1870.16,47030.94,2026-02-06 16:06:29
2789,IoT Processing,Wind,Medium,High,20865.72,1313.05,6619.44,2026-02-06 16:06:29
2790,AI Training,Wind,Medium,Renewable Boost,26297.88,107.13,194161.19,2026-02-06 16:06:29
2795,Database Queries,Wind,High,High,40674.08,208.87,44189.94,2026-02-06 16:06:29
2796,IoT Processing,Wind,Low,Renewable Boost,47576.11,427.01,159064.45,2026-02-06 16:06:29
2800,Database Queries,Wind,Medium,Low,40904.95,152.78,42952.78,2026-02-06 16:06:29
2803,Database Queries,Wind,Quantum-Safe,Peak,22552.93,1099.28,177067.32,2026-02-06 16:06:29
2810,AI Training,Wind,Medium,Medium,11600.31,608.25,34279.96,2026-02-06 16:06:29
2815,IoT Processing,Wind,Low,Peak,29812.02,864.53,96064.89,2026-02-06 16:06:29
2817,AI Training,Wind,Low,Low,40189.38,583.65,35404.11,2026-02-06 16:06:29
2824,Web Hosting,Wind,Quantum-Safe,Medium,47939.35,1160.0,68802.36,2026-02-06 16:06:29
2828,AI Training,Wind,High,Renewable Boost,31656.89,943.5,155859.15,2026-02-06 16:06:29
2838,AI Training,Wind,Quantum-Safe,High,22649.85,370.33,74312.65,2026-02-06 16:06:29
2844,AI Training,Wind,Medium,Peak,20491.88,1828.8,60536.07,2026-02-06 16:06:29
2847,IoT Processing,Wind,Quantum-Safe,Low,19756.42,1495.55,17465.02,2026-02-06 16:06:29
2850,Database Queries,Wind,Quantum-Safe,Low,25779.14,1785.18,180669.24,2026-02-06 16:06:29
2854,AI Training,Wind,Quantum-Safe,High,28734.9,530.98,100464.38,2026-02-06 16:06:29
2855,AI Training,Wind,High,High,44023.64,946.25,93940.55,2026-02-06 16:06:29
2861,Web Hosting,Wind,High,High,10078.57,221.88,138135.05,2026-02-06 16:06:29
2865,AI Training,Wind,Quantum-Safe,Peak,47352.57,1981.75,166358.79,2026-02-06 16:06:29
2876,Database Queries,Wind,High,Low,34531.4,1782.77,18983.55,2026-02-06 16:06:29
2879,AI Training,Wind,Medium,Renewable Boost,19724.83,1048.57,194359.13,2026-02-06 16:06:29
2883,Cloud Storage,Wind,High,Low,33851.28,1720.32,46722.54,2026-02-06 16:06:29
2884,AI Training,Wind,High,Low,32449.16,822.31,194548.21,2026-02-06 16:06:29
2885,Cloud Storage,Wind,High,Renewable Boost,21128.65,438.36,32843.05,2026-02-06 16:06:29
2888,Database Queries,Wind,Quantum-Safe,Peak,2176.25,1835.06,116759.95,2026-02-06 16:06:29
2891,IoT Processing,Wind,Quantum-Safe,Medium,5822.79,1977.32,195689.72,2026-02-06 16:06:29
2892,Web Hosting,Wind,Low,Peak,47879.3,957.29,89711.93,2026-02-06 16:06:29
2899,Database Queries,Wind,Low,High,9772.55,573.16,57132.22,2026-02-06 16:06:29
2902,IoT Processing,Wind,Quantum-Safe,Renewable Boost,27799.51,1885.49,14565.45,2026-02-06 16:06:29
2904,Web Hosting,Wind,Low,Renewable Boost,46199.28,1054.62,114645.09,2026-02-06 16:06:29
2729,Web Hosting,Solar,Low,Medium,18381.7,1680.77,109034.17,2026-02-06 16:06:29
2731,Cloud Storage,Solar,High,Medium,6642.16,284.94,196436.81,2026-02-06 16:06:29
2735,AI Training,Solar,Low,Renewable Boost,33324.82,1692.95,156482.12,2026-02-06 16:06:29
2737,IoT Processing,Solar,Quantum-Safe,Peak,32763.44,1963.77,12681.08,2026-02-06 16:06:29
2742,Web Hosting,Solar,Low,Low,47773.73,1860.33,20146.12,2026-02-06 16:06:29
2744,AI Training,Solar,Quantum-Safe,High,24393.39,1121.35,142891.82,2026-02-06 16:06:29
2747,Web Hosting,Solar,Low,Medium,20671.63,548.55,149457.83,2026-02-06 16:06:29
2749,Database Queries,Solar,Low,Low,7214.38,1695.18,135970.37,2026-02-06 16:06:29
2750,Database Queries,Solar,Low,Low,20195.38,430.14,80887.1,2026-02-06 16:06:29
2756,AI Training,Solar,Low,High,30166.26,1159.18,154196.74,2026-02-06 16:06:29
2767,Database Queries,Solar,Low,High,8030.0,732.86,100758.25,2026-02-06 16:06:29
2771,Database Queries,Solar,Quantum-Safe,Low,4950.15,1576.7,189123.62,2026-02-06 16:06:29
2774,Web Hosting,Solar,Low,Medium,29744.57,1566.92,127005.1,2026-02-06 16:06:29
2776,Web Hosting,Solar,Quantum-Safe,High,4929.15,914.1,58428.17,2026-02-06 16:06:29
2779,AI Training,Solar,High,Medium,41603.99,1075.6,38617.25,2026-02-06 16:06:29
2782,Database Queries,Solar,Quantum-Safe,Peak,47103.13,1072.3,137536.65,2026-02-06 16:06:29
2787,Cloud Storage,Solar,Medium,Low,36381.24,1460.89,86832.68,2026-02-06 16:06:29
2788,IoT Processing,Solar,High,Renewable Boost,2973.99,1175.51,41694.06,2026-02-06 16:06:29
2792,Cloud Storage,Solar,Low,Low,46860.93,1043.54,194023.17,2026-02-06 16:06:29
2794,IoT Processing,Solar,Medium,Peak,24582.62,750.88,119536.52,2026-02-06 16:06:29
2798,Web Hosting,Solar,Medium,High,49143.54,846.96,26958.39,2026-02-06 16:06:29
2799,Web Hosting,Solar,Medium,Medium,5220.47,960.03,182852.57,2026-02-06 16:06:29
2804,Cloud Storage,Solar,Quantum-Safe,Low,32553.87,1041.98,191529.97,2026-02-06 16:06:29
2806,Web Hosting,Solar,Low,Renewable Boost,3673.71,1502.26,25587.25,2026-02-06 16:06:29
2812,IoT Processing,Solar,High,Renewable Boost,3369.77,1308.21,68097.63,2026-02-06 16:06:29
2814,Web Hosting,Solar,High,Medium,41490.7,1657.81,134073.96,2026-02-06 16:06:29
2818,Web Hosting,Solar,High,Renewable Boost,28179.66,1961.01,159039.91,2026-02-06 16:06:29
2819,Web Hosting,Solar,Low,Low,41470.68,1212.7,17525.87,2026-02-06 16:06:29
2820,AI Training,Solar,Low,Low,31941.48,1433.99,42840.51,2026-02-06 16:06:29
2823,Database Queries,Solar,Low,Low,21292.91,123.18,54272.53,2026-02-06 16:06:29
2825,Cloud Storage,Solar,High,Peak,27514.58,1845.5,109738.55,2026-02-06 16:06:29
2826,Cloud Storage,Solar,Medium,Renewable Boost,30649.39,1938.42,46256.7,2026-02-06 16:06:29
2827,Database Queries,Solar,Low,Low,11803.89,1104.08,163175.47,2026-02-06 16:06:29
2831,Cloud Storage,Solar,High,High,3919.77,176.55,156091.41,2026-02-06 16:06:29
2842,IoT Processing,Solar,High,High,19948.65,709.82,82338.72,2026-02-06 16:06:29
2843,IoT Processing,Solar,Medium,Medium,3506.36,1874.27,77150.69,2026-02-06 16:06:29
2846,AI Training,Solar,Quantum-Safe,Renewable Boost,24681.42,126.86,151431.04,2026-02-06 16:06:29
2853,IoT Processing,Solar,Medium,Low,29119.43,104.29,102647.28,2026-02-06 16:06:29
2857,IoT Processing,Solar,High,Medium,48029.76,1136.64,152363.43,2026-02-06 16:06:29
2859,Cloud Storage,Solar,Low,Medium,5802.38,595.55,191910.67,2026-02-06 16:06:29
2866,Database Queries,Solar,Medium,High,42266.1,591.89,75222.95,2026-02-06 16:06:29
2867,Web Hosting,Solar,Quantum-Safe,Renewable Boost,15534.01,1021.47,122024.17,2026-02-06 16:06:29
2871,IoT Processing,Solar,Quantum-Safe,High,7040.91,1384.21,150028.68,2026-02-06 16:06:29
2872,IoT Processing,Solar,Medium,Medium,26409.52,1770.76,107971.39,2026-02-06 16:06:29
2873,AI Training,Solar,Medium,Medium,13046.52,446.85,85189.34,2026-02-06 16:06:29
2877,Cloud Storage,Solar,High,Low,47500.05,691.69,13494.33,2026-02-06 16:06:29
2890,IoT Processing,Solar,Low,Peak,9677.03,1034.98,76500.1,2026-02-06 16:06:29
2894,IoT Processing,Solar,Quantum-Safe,Peak,36704.16,561.43,95863.52,2026-02-06 16:06:29
2898,Cloud Storage,Solar,Quantum-Safe,Peak,5751.32,1545.36,120753.33,2026-02-06 16:06:29
2900,Cloud Storage,Solar,High,Medium,40078.19,1202.07,130953.72,2026-02-06 16:06:29
2205,Cloud Storage,Solar,Low,High,13086.27,1370.39,92623.51,2026-02-06 16:06:29
2208,Database Queries,Solar,High,High,37807.68,568.9,130657.25,2026-02-06 16:06:29
2210,Web Hosting,Solar,High,Renewable Boost,29316.66,938.36,62059.48,2026-02-06 16:06:29
2211,Cloud Storage,Solar,High,Peak,45313.63,1787.4,67855.0,2026-02-06 16:06:29
2217,Database Queries,Solar,High,High,33512.66,1364.87,6090.86,2026-02-06 16:06:29
2218,Web Hosting,Solar,High,Peak,21148.68,1960.91,13342.74,2026-02-06 16:06:29
2220,Database Queries,Solar,Low,Renewable Boost,44344.76,1389.02,27286.8,2026-02-06 16:06:29
2221,Web Hosting,Solar,Low,Low,44882.58,525.05,109000.93,2026-02-06 16:06:29
2905,AI Training,Solar,Low,Peak,4564.01,1560.57,54159.24,2026-02-06 16:06:29
2906,Web Hosting,Solar,Medium,Medium,14749.44,1146.18,191203.49,2026-02-06 16:06:29
2908,Cloud Storage,Solar,High,Renewable Boost,39338.86,273.75,69679.6,2026-02-06 16:06:29
2911,AI Training,Solar,High,Peak,43841.06,574.28,167405.56,2026-02-06 16:06:29
2912,Web Hosting,Solar,Medium,Low,41700.52,91.02,124809.95,2026-02-06 16:06:29
2917,Cloud Storage,Solar,Quantum-Safe,Low,9863.7,1939.19,104033.1,2026-02-06 16:06:29
2919,AI Training,Solar,High,Renewable Boost,17375.44,174.02,140518.23,2026-02-06 16:06:29
2927,Database Queries,Solar,Medium,Peak,34910.48,1250.09,49134.51,2026-02-06 16:06:29
2928,Web Hosting,Solar,Quantum-Safe,Low,7859.38,841.14,96373.06,2026-02-06 16:06:29
2938,AI Training,Solar,High,Peak,8778.1,187.57,31655.54,2026-02-06 16:06:29
2941,IoT Processing,Solar,Low,Medium,45445.06,1333.0,142573.02,2026-02-06 16:06:29
2945,Database Queries,Solar,Low,High,33791.73,1442.22,137895.33,2026-02-06 16:06:29
2952,AI Training,Solar,High,Renewable Boost,24115.25,990.86,171356.72,2026-02-06 16:06:29
2957,Database Queries,Solar,Quantum-Safe,High,2234.76,1903.48,81719.92,2026-02-06 16:06:29
2963,Database Queries,Solar,Medium,Low,28802.16,851.09,70503.2,2026-02-06 16:06:29
2969,Cloud Storage,Solar,Quantum-Safe,Peak,13805.32,482.47,154272.21,2026-02-06 16:06:29
2976,IoT Processing,Solar,High,Medium,14995.67,1624.87,196584.12,2026-02-06 16:06:29
2980,Cloud Storage,Solar,High,Renewable Boost,47132.24,1382.19,173471.62,2026-02-06 16:06:29
2982,Web Hosting,Solar,Quantum-Safe,High,24110.83,1576.55,197965.14,2026-02-06 16:06:29
2989,Cloud Storage,Solar,High,High,10618.42,1962.48,87935.09,2026-02-06 16:06:29
2990,Web Hosting,Solar,Low,High,2105.66,353.6,122794.06,2026-02-06 16:06:29
2992,Web Hosting,Solar,Medium,Low,29278.74,463.01,169230.97,2026-02-06 16:06:29
2994,Cloud Storage,Solar,Low,Peak,30250.32,414.47,83783.92,2026-02-06 16:06:29
2578,IoT Processing,Solar,Quantum-Safe,Peak,3470.42,209.78,62930.71,2026-02-06 16:06:29
2579,Database Queries,Solar,High,Renewable Boost,44628.83,432.16,88177.81,2026-02-06 16:06:29
2583,Cloud Storage,Solar,High,Medium,4400.31,1850.41,57164.81,2026-02-06 16:06:29
2593,Web Hosting,Solar,Medium,Low,35193.81,57.64,121018.83,2026-02-06 16:06:29
2595,Database Queries,Solar,High,Renewable Boost,39817.37,1614.43,68871.72,2026-02-06 16:06:29
2605,IoT Processing,Solar,Quantum-Safe,Low,30079.61,85.16,27239.81,2026-02-06 16:06:29
2606,AI Training,Solar,Quantum-Safe,Medium,1795.93,249.55,72795.99,2026-02-06 16:06:29
2611,IoT Processing,Solar,Quantum-Safe,Low,17793.82,959.43,122266.69,2026-02-06 16:06:29
2613,AI Training,Solar,Medium,Medium,5626.53,261.38,135686.17,2026-02-06 16:06:29
2615,IoT Processing,Solar,Quantum-Safe,Medium,46001.48,1577.16,97387.76,2026-02-06 16:06:29
2616,Cloud Storage,Solar,Low,Peak,32839.61,377.83,131457.03,2026-02-06 16:06:29
2637,Database Queries,Solar,Low,Peak,12774.66,844.45,172866.73,2026-02-06 16:06:29
2640,Cloud Storage,Solar,Low,High,5735.6,327.25,75647.13,2026-02-06 16:06:29
2647,Web Hosting,Solar,High,Renewable Boost,29553.01,1145.11,12409.58,2026-02-06 16:06:29
2648,AI Training,Solar,Quantum-Safe,Medium,40811.22,383.09,123078.21,2026-02-06 16:06:29
2649,AI Training,Solar,High,Renewable Boost,17020.11,435.5,99531.72,2026-02-06 16:06:29
2654,Database Queries,Solar,High,Peak,16446.73,1941.73,85616.23,2026-02-06 16:06:29
2658,IoT Processing,Solar,High,Renewable Boost,29346.13,629.57,124738.5,2026-02-06 16:06:29
2660,Database Queries,Solar,Low,Medium,35329.96,333.98,89587.96,2026-02-06 16:06:29
2662,AI Training,Solar,Low,High,43770.11,1303.47,50512.11,2026-02-06 16:06:29
2664,AI Training,Solar,Quantum-Safe,High,36782.21,1878.09,119814.93,2026-02-06 16:06:29
2667,Database Queries,Solar,Medium,Peak,2258.79,524.71,162108.53,2026-02-06 16:06:29
2671,Database Queries,Solar,Medium,Low,42648.01,1421.4,66520.4,2026-02-06 16:06:29
2672,Cloud Storage,Solar,Quantum-Safe,Renewable Boost,10616.04,834.93,159537.83,2026-02-06 16:06:29
2673,Web Hosting,Solar,Quantum-Safe,Low,7151.94,1844.08,30438.43,2026-02-06 16:06:29
2687,Cloud Storage,Solar,Quantum-Safe,Peak,3037.37,349.16,100772.49,2026-02-06 16:06:29
2698,Cloud Storage,Solar,High,Peak,32407.31,1972.57,21058.83,2026-02-06 16:06:29
2709,AI Training,Solar,Low,Peak,35403.27,1740.3,70074.4,2026-02-06 16:06:29
2722,Database Queries,Solar,Quantum-Safe,Renewable Boost,4039.8,389.26,156817.84,2026-02-06 16:06:29
2724,AI Training,Solar,High,Medium,25790.65,85.26,109339.38,2026-02-06 16:06:29
2725,AI Training,Solar,Low,High,8934.23,830.64,160510.35,2026-02-06 16:06:29
2727,Database Queries,Solar,Quantum-Safe,Peak,49889.72,1258.19,66336.49,2026-02-06 16:06:29
2728,Web Hosting,Solar,Medium,Low,23135.23,1343.81,114416.47,2026-02-06 16:06:29
2478,AI Training,Solar,Low,Peak,21014.32,192.15,174613.41,2026-02-06 16:06:29
2480,Web Hosting,Solar,Medium,Medium,3777.34,543.74,195953.41,2026-02-06 16:06:29
2489,Database Queries,Solar,Quantum-Safe,Low,15567.07,1115.18,39036.45,2026-02-06 16:06:29
2493,Database Queries,Solar,Medium,Medium,33946.81,1719.5,171708.81,2026-02-06 16:06:29
2496,Database Queries,Solar,Quantum-Safe,Low,41393.17,562.26,16787.15,2026-02-06 16:06:29
2497,Database Queries,Solar,Medium,Low,20452.62,1755.79,151077.54,2026-02-06 16:06:29
2500,Database Queries,Solar,Low,Medium,18663.25,247.27,65307.43,2026-02-06 16:06:29
2509,IoT Processing,Solar,High,Medium,33311.73,297.26,113657.71,2026-02-06 16:06:29
2520,Cloud Storage,Solar,Medium,Medium,10874.89,1875.52,36188.46,2026-02-06 16:06:29
2528,AI Training,Solar,Quantum-Safe,Renewable Boost,2966.8,1006.11,90230.23,2026-02-06 16:06:29
2531,Web Hosting,Solar,Low,High,15409.31,836.86,190698.77,2026-02-06 16:06:29
2533,Cloud Storage,Solar,Low,Low,38502.8,1009.26,117846.63,2026-02-06 16:06:29
2538,IoT Processing,Solar,Low,Low,48978.43,701.39,195562.11,2026-02-06 16:06:29
2540,Database Queries,Solar,Quantum-Safe,Renewable Boost,42497.47,515.75,67993.5,2026-02-06 16:06:29
2544,Database Queries,Solar,Low,High,30554.36,948.31,191774.77,2026-02-06 16:06:29
2552,Database Queries,Solar,Low,High,12433.31,1932.76,126989.97,2026-02-06 16:06:29
2553,AI Training,Solar,Quantum-Safe,High,31641.18,785.83,15085.57,2026-02-06 16:06:29
2560,AI Training,Solar,Quantum-Safe,High,3204.84,91.24,112104.0,2026-02-06 16:06:29
2563,Database Queries,Solar,Medium,High,24447.89,710.53,31726.64,2026-02-06 16:06:29
2015,IoT Processing,Solar,High,Low,43368.29,1270.81,92871.57,2026-02-06 16:06:29
2020,Cloud Storage,Solar,High,Medium,28607.01,314.54,190869.62,2026-02-06 16:06:29
2029,Web Hosting,Solar,Medium,Renewable Boost,5031.34,586.44,28846.3,2026-02-06 16:06:29
2035,Cloud Storage,Solar,High,High,23463.14,1864.81,162631.11,2026-02-06 16:06:29
2047,Cloud Storage,Solar,Low,Renewable Boost,10563.16,1317.86,131196.11,2026-02-06 16:06:29
2053,AI Training,Solar,Low,Medium,18708.79,1661.46,179435.08,2026-02-06 16:06:29
2054,Web Hosting,Solar,High,Medium,43129.94,1417.92,144445.59,2026-02-06 16:06:29
2056,AI Training,Solar,High,High,17083.42,157.45,134434.51,2026-02-06 16:06:29
2070,Cloud Storage,Solar,Quantum-Safe,Renewable Boost,33421.7,1444.88,132964.46,2026-02-06 16:06:29
2072,AI Training,Solar,Quantum-Safe,High,28972.99,665.55,168112.27,2026-02-06 16:06:29
2074,Database Queries,Solar,Quantum-Safe,Renewable Boost,14653.51,1328.24,162099.2,2026-02-06 16:06:29
2076,Cloud Storage,Solar,Low,Medium,9959.05,1215.48,158793.85,2026-02-06 16:06:29
2080,IoT Processing,Solar,Medium,High,48526.4,945.64,80214.76,2026-02-06 16:06:29
2087,IoT Processing,Solar,Medium,Medium,28282.46,1760.38,67667.14,2026-02-06 16:06:29
2095,Cloud Storage,Solar,Low,Medium,13233.78,145.09,27533.56,2026-02-06 16:06:29
2101,AI Training,Solar,Low,High,37763.02,1525.46,186144.61,2026-02-06 16:06:29
2103,Cloud Storage,Solar,Low,Renewable Boost,23457.86,413.85,144556.91,2026-02-06 16:06:29
2111,Web Hosting,Solar,Medium,Peak,12669.19,1166.9,197305.16,2026-02-06 16:06:29
2113,AI Training,Solar,Low,Renewable Boost,23935.38,687.14,89821.14,2026-02-06 16:06:29
2121,Database Queries,Solar,Quantum-Safe,Peak,38703.0,1496.28,75042.71,2026-02-06 16:06:29
2123,AI Training,Solar,Low,High,41550.1,451.47,19422.82,2026-02-06 16:06:29
2127,Cloud Storage,Solar,Low,Low,17680.17,1368.58,190305.39,2026-02-06 16:06:29
2128,Database Queries,Solar,Quantum-Safe,Renewable Boost,26018.46,1724.27,199756.26,2026-02-06 16:06:29
2130,AI Training,Solar,High,Low,45619.68,1275.28,63266.6,2026-02-06 16:06:29
2132,IoT Processing,Solar,Low,High,25562.51,256.02,199729.23,2026-02-06 16:06:29
2136,Web Hosting,Solar,Low,Medium,22470.75,1573.85,74291.24,2026-02-06 16:06:29
2137,Web Hosting,Solar,Quantum-Safe,Low,42119.84,1421.39,116982.72,2026-02-06 16:06:29
2138,Web Hosting,Solar,Medium,Medium,8873.3,1677.19,167446.1,2026-02-06 16:06:29
2141,AI Training,Solar,Quantum-Safe,Renewable Boost,12636.45,1709.16,70657.61,2026-02-06 16:06:29
2143,Web Hosting,Solar,Medium,Renewable Boost,36505.32,1298.87,50429.58,2026-02-06 16:06:29
2145,AI Training,Solar,Medium,Medium,30807.66,1918.04,12194.19,2026-02-06 16:06:29
2152,Web Hosting,Solar,Quantum-Safe,Medium,7148.83,1014.02,51175.62,2026-02-06 16:06:29
2157,Cloud Storage,Solar,Low,High,46528.09,1026.21,16465.22,2026-02-06 16:06:29
2163,Database Queries,Solar,Medium,Renewable Boost,38986.96,1382.69,155569.74,2026-02-06 16:06:29
2164,Cloud Storage,Solar,High,High,12486.85,1207.69,185961.7,2026-02-06 16:06:29
2177,AI Training,Solar,Quantum-Safe,High,37214.28,1796.84,190151.61,2026-02-06 16:06:29
2179,Web Hosting,Solar,Quantum-Safe,Low,14799.19,1330.3,78172.02,2026-02-06 16:06:29
2182,Cloud Storage,Solar,High,Renewable Boost,36086.45,1938.24,27905.1,2026-02-06 16:06:29
2184,Web Hosting,Solar,Low,Peak,31511.79,1894.14,84724.51,2026-02-06 16:06:29
2185,Database Queries,Solar,Low,High,49515.33,1369.8,45198.5,2026-02-06 16:06:29
2191,Database Queries,Solar,Quantum-Safe,Peak,17825.95,254.09,28610.85,2026-02-06 16:06:29
2193,Web Hosting,Solar,Low,Medium,46838.74,1601.38,101221.63,2026-02-06 16:06:29
2194,Database Queries,Solar,Low,High,10100.92,325.7,116568.64,2026-02-06 16:06:29
2197,Database Queries,Solar,Low,Peak,4028.61,434.51,42543.33,2026-02-06 16:06:29
2204,Web Hosting,Solar,Quantum-Safe,High,25574.38,1097.69,97669.36,2026-02-06 16:06:29
2228,Web Hosting,Solar,Medium,Renewable Boost,17763.27,888.78,168628.71,2026-02-06 16:06:29
2230,Database Queries,Solar,High,Low,41716.51,655.22,104302.82,2026-02-06 16:06:29
2233,IoT Processing,Solar,Low,Peak,27041.29,1884.46,115231.35,2026-02-06 16:06:29
2239,Cloud Storage,Solar,Quantum-Safe,Renewable Boost,9055.87,572.59,6995.6,2026-02-06 16:06:29
2244,AI Training,Solar,Low,Renewable Boost,36917.01,1452.81,48138.2,2026-02-06 16:06:29
2245,Database Queries,Solar,Quantum-Safe,Low,33274.41,104.84,197425.34,2026-02-06 16:06:29
2248,Web Hosting,Solar,Low,Renewable Boost,28763.66,334.89,111384.7,2026-02-06 16:06:29
2251,IoT Processing,Solar,Low,Low,20576.42,1321.95,62736.01,2026-02-06 16:06:29
2253,AI Training,Solar,Quantum-Safe,Low,1529.74,1212.29,144396.91,2026-02-06 16:06:29
2271,Web Hosting,Solar,High,Renewable Boost,15521.52,633.88,39541.41,2026-02-06 16:06:29
2273,AI Training,Solar,Medium,Low,41118.27,579.85,77825.52,2026-02-06 16:06:29
2282,IoT Processing,Solar,High,Low,23438.52,1973.04,188468.39,2026-02-06 16:06:29
2284,Database Queries,Solar,High,Renewable Boost,31084.55,598.88,36526.11,2026-02-06 16:06:29
2293,AI Training,Solar,Quantum-Safe,Low,40480.01,1431.74,90088.48,2026-02-06 16:06:29
2294,Cloud Storage,Solar,High,Low,17080.79,1477.15,159032.84,2026-02-06 16:06:29
2295,IoT Processing,Solar,Low,Low,11243.91,389.23,164493.35,2026-02-06 16:06:29
2298,AI Training,Solar,High,High,24624.47,187.86,187511.25,2026-02-06 16:06:29
2299,AI Training,Solar,Low,Peak,42204.53,755.0,37124.5,2026-02-06 16:06:29
2314,AI Training,Solar,Medium,Renewable Boost,20979.66,82.51,135779.35,2026-02-06 16:06:29
2316,AI Training,Solar,Medium,Renewable Boost,33164.07,511.13,17291.56,2026-02-06 16:06:29
2317,IoT Processing,Solar,Medium,Peak,48586.39,462.44,181085.21,2026-02-06 16:06:29
2319,AI Training,Solar,Low,High,36022.91,674.03,66277.1,2026-02-06 16:06:29
2320,Cloud Storage,Solar,Medium,Renewable Boost,4354.07,1036.79,194837.68,2026-02-06 16:06:29
2321,Cloud Storage,Solar,Medium,Peak,21465.68,366.9,61147.86,2026-02-06 16:06:29
2326,IoT Processing,Solar,High,Medium,4763.35,1536.6,28400.54,2026-02-06 16:06:29
2332,AI Training,Solar,Low,Renewable Boost,30979.72,1060.13,7891.88,2026-02-06 16:06:29
2340,Database Queries,Solar,Low,Low,4435.3,1197.44,127786.17,2026-02-06 16:06:29
2342,AI Training,Solar,Low,Renewable Boost,9907.16,511.6,82618.42,2026-02-06 16:06:29
2346,Database Queries,Solar,Quantum-Safe,Renewable Boost,21539.96,553.69,187670.92,2026-02-06 16:06:29
2354,Database Queries,Solar,Medium,Medium,11801.85,1991.51,5030.76,2026-02-06 16:06:29
2357,Cloud Storage,Solar,High,High,45904.61,1153.41,52548.62,2026-02-06 16:06:29
2358,AI Training,Solar,Quantum-Safe,Low,32135.3,1837.67,63085.88,2026-02-06 16:06:29
2364,AI Training,Solar,High,High,21994.44,425.02,102346.24,2026-02-06 16:06:29
2365,IoT Processing,Solar,Low,Renewable Boost,36843.33,954.68,70708.13,2026-02-06 16:06:29
2373,Database Queries,Solar,Quantum-Safe,Peak,45837.98,302.29,137828.65,2026-02-06 16:06:29
2378,IoT Processing,Solar,Medium,Medium,16114.95,1567.07,98186.07,2026-02-06 16:06:29
2388,Web Hosting,Solar,Medium,Low,17944.5,1349.49,199567.96,2026-02-06 16:06:29
2389,AI Training,Solar,Low,Low,33883.56,606.54,52713.81,2026-02-06 16:06:29
2393,Database Queries,Solar,Medium,High,39381.6,390.83,24195.32,2026-02-06 16:06:29
2396,IoT Processing,Solar,Quantum-Safe,Renewable Boost,2262.71,1449.24,174823.9,2026-02-06 16:06:29
2398,Web Hosting,Solar,Quantum-Safe,Renewable Boost,33315.79,1363.17,9099.84,2026-02-06 16:06:29
2405,Cloud Storage,Solar,Medium,Medium,16053.6,809.31,80669.61,2026-02-06 16:06:29
2409,AI Training,Solar,High,Low,9375.88,516.05,23219.21,2026-02-06 16:06:29
2410,Cloud Storage,Solar,Low,Peak,21489.09,598.5,99446.87,2026-02-06 16:06:29
2414,Database Queries,Solar,Low,Peak,20262.09,1764.82,172607.9,2026-02-06 16:06:29
2417,IoT Processing,Solar,Low,Peak,33424.22,710.09,70145.06,2026-02-06 16:06:29
2418,Web Hosting,Solar,High,Medium,30520.02,63.83,58127.06,2026-02-06 16:06:29
2425,AI Training,Solar,Quantum-Safe,Renewable Boost,12342.29,137.48,167284.03,2026-02-06 16:06:29
2426,Database Queries,Solar,Medium,Peak,43552.07,1263.97,170038.01,2026-02-06 16:06:29
2429,AI Training,Solar,Medium,Renewable Boost,3480.5,1550.98,104645.93,2026-02-06 16:06:29
2432,Cloud Storage,Solar,High,Renewable Boost,20251.86,1896.95,170195.7,2026-02-06 16:06:29
2436,Web Hosting,Solar,Low,Medium,39581.23,1800.19,93337.88,2026-02-06 16:06:29
2441,AI Training,Solar,High,Renewable Boost,48716.22,1593.06,23522.4,2026-02-06 16:06:29
2442,AI Training,Solar,Low,Peak,27665.73,441.78,67549.06,2026-02-06 16:06:29
2444,AI Training,Solar,High,Low,35762.5,1707.76,126405.79,2026-02-06 16:06:29
2447,Web Hosting,Solar,High,Low,19361.38,147.23,92270.74,2026-02-06 16:06:29
2456,Web Hosting,Solar,Quantum-Safe,High,46589.52,77.33,119907.99,2026-02-06 16:06:29
2457,Web Hosting,Solar,Quantum-Safe,Low,5672.69,1155.37,58758.75,2026-02-06 16:06:29
2458,Web Hosting,Solar,Low,High,23052.87,1867.92,39168.74,2026-02-06 16:06:29
2463,AI Training,Solar,Medium,High,37870.95,946.15,192202.47,2026-02-06 16:06:29
2465,Database Queries,Solar,Quantum-Safe,Medium,25134.23,190.82,195638.31,2026-02-06 16:06:29
2466,IoT Processing,Solar,Quantum-Safe,Low,22663.24,1384.65,5905.67,2026-02-06 16:06:29
2472,Cloud Storage,Solar,Low,High,40466.18,386.15,20606.35,2026-02-06 16:06:29
2473,Cloud Storage,Solar,Low,Medium,38247.89,1751.17,52254.31,2026-02-06 16:06:29
2889,Cloud Storage,Hybrid,High,Low,17433.21,1535.77,157290.01,2026-02-06 16:06:29
2896,Cloud Storage,Hybrid,High,Peak,20264.21,355.96,167284.03,2026-02-06 16:06:29
2903,Web Hosting,Hybrid,High,Low,24279.4,1769.19,177873.48,2026-02-06 16:06:29
2614,IoT Processing,Hybrid,Quantum-Safe,Medium,41744.4,1758.07,39159.1,2026-02-06 16:06:29
2624,Database Queries,Hybrid,Low,Peak,18473.21,172.67,136311.36,2026-02-06 16:06:29
2626,Cloud Storage,Hybrid,High,Peak,1631.98,113.32,62420.5,2026-02-06 16:06:29
2629,Cloud Storage,Hybrid,Low,Renewable Boost,47923.95,315.31,81380.48,2026-02-06 16:06:29
2631,Database Queries,Hybrid,Low,Medium,26208.61,351.83,78479.82,2026-02-06 16:06:29
2633,IoT Processing,Hybrid,Medium,Peak,27894.77,535.5,111711.3,2026-02-06 16:06:29
2634,AI Training,Hybrid,Quantum-Safe,Peak,19618.97,776.0,50079.3,2026-02-06 16:06:29
2639,Cloud Storage,Hybrid,Low,Medium,16431.0,159.06,112913.01,2026-02-06 16:06:29
2645,AI Training,Hybrid,Quantum-Safe,High,43807.31,1048.28,134553.21,2026-02-06 16:06:29
2652,Cloud Storage,Hybrid,High,High,33952.86,459.73,178611.32,2026-02-06 16:06:29
2661,Web Hosting,Hybrid,Medium,Peak,37920.13,1409.99,120687.86,2026-02-06 16:06:29
2666,Web Hosting,Hybrid,Quantum-Safe,High,10145.36,353.91,92687.57,2026-02-06 16:06:29
2669,Database Queries,Hybrid,Quantum-Safe,Renewable Boost,22708.65,458.15,62102.95,2026-02-06 16:06:29
2670,Database Queries,Hybrid,Quantum-Safe,Medium,31238.19,191.42,137504.06,2026-02-06 16:06:29
2674,Database Queries,Hybrid,Low,Peak,48210.52,1318.0,153723.8,2026-02-06 16:06:29
2676,Cloud Storage,Hybrid,High,Low,24446.06,1898.32,7455.56,2026-02-06 16:06:29
2682,Database Queries,Hybrid,Quantum-Safe,Peak,29693.8,290.47,104255.43,2026-02-06 16:06:29
2684,AI Training,Hybrid,High,Renewable Boost,12453.3,733.88,196727.12,2026-02-06 16:06:29
2688,AI Training,Hybrid,High,High,25408.37,764.77,138083.42,2026-02-06 16:06:29
2690,Cloud Storage,Hybrid,High,Medium,13363.28,345.25,69028.65,2026-02-06 16:06:29
2692,Web Hosting,Hybrid,Low,Low,31068.26,1429.1,19305.35,2026-02-06 16:06:29
2693,Database Queries,Hybrid,Medium,High,44998.83,421.24,43188.65,2026-02-06 16:06:29
2696,AI Training,Hybrid,Medium,Renewable Boost,36780.86,1275.0,99671.7,2026-02-06 16:06:29
2699,Database Queries,Hybrid,Low,Peak,23842.9,1572.33,112307.63,2026-02-06 16:06:29
2701,Web Hosting,Hybrid,Quantum-Safe,Renewable Boost,35385.18,1178.2,124912.16,2026-02-06 16:06:29
2703,IoT Processing,Hybrid,Medium,Renewable Boost,18572.46,1130.49,26706.29,2026-02-06 16:06:29
2708,Web Hosting,Hybrid,Low,Peak,38559.84,1318.91,180154.69,2026-02-06 16:06:29
2710,AI Training,Hybrid,Medium,High,17236.26,1793.25,198447.5,2026-02-06 16:06:29
2713,AI Training,Hybrid,High,Medium,38056.44,1111.05,171842.51,2026-02-06 16:06:29
2719,AI Training,Hybrid,Low,Peak,29642.61,1454.22,45836.86,2026-02-06 16:06:29
2720,AI Training,Hybrid,Medium,Medium,48496.77,217.96,194164.94,2026-02-06 16:06:29
2732,Cloud Storage,Hybrid,High,High,44280.41,1710.5,85153.3,2026-02-06 16:06:29
2733,AI Training,Hybrid,Low,High,21326.46,355.39,153861.18,2026-02-06 16:06:29
2736,AI Training,Hybrid,Low,Medium,22659.64,1026.71,77426.3,2026-02-06 16:06:29
2741,AI Training,Hybrid,Quantum-Safe,Low,32789.5,732.51,185186.73,2026-02-06 16:06:29
2748,AI Training,Hybrid,High,Low,17566.14,760.9,122286.86,2026-02-06 16:06:29
2752,Web Hosting,Hybrid,Low,Peak,36983.92,1147.18,198024.16,2026-02-06 16:06:29
2755,Database Queries,Hybrid,High,Peak,28065.94,454.65,61905.52,2026-02-06 16:06:29
2760,IoT Processing,Hybrid,Quantum-Safe,Renewable Boost,40347.58,931.82,7229.37,2026-02-06 16:06:29
2761,Web Hosting,Hybrid,Medium,High,27473.67,328.43,88352.85,2026-02-06 16:06:29
2766,IoT Processing,Hybrid,Medium,Medium,15519.96,1768.44,178789.74,2026-02-06 16:06:29
2772,IoT Processing,Hybrid,Quantum-Safe,Renewable Boost,47038.86,913.18,119953.55,2026-02-06 16:06:29
2777,Web Hosting,Hybrid,High,High,24365.11,783.57,103497.76,2026-02-06 16:06:29
2778,Web Hosting,Hybrid,Quantum-Safe,Renewable Boost,31874.56,766.31,191944.68,2026-02-06 16:06:29
2781,IoT Processing,Hybrid,Quantum-Safe,Peak,14576.39,755.45,124823.8,2026-02-06 16:06:29
2783,IoT Processing,Hybrid,Low,Peak,7092.95,1357.92,73487.83,2026-02-06 16:06:29
2784,AI Training,Hybrid,Medium,High,43881.55,575.41,66206.48,2026-02-06 16:06:29
2793,IoT Processing,Hybrid,High,Peak,33940.28,1114.21,32363.09,2026-02-06 16:06:29
2797,IoT Processing,Hybrid,Quantum-Safe,Low,2081.24,1903.95,157822.08,2026-02-06 16:06:29
2802,AI Training,Hybrid,Low,Low,7476.8,1448.5,197198.56,2026-02-06 16:06:29
2807,Database Queries,Hybrid,Quantum-Safe,Low,30373.6,378.06,41727.64,2026-02-06 16:06:29
2813,IoT Processing,Hybrid,Low,High,41203.89,1319.39,71534.4,2026-02-06 16:06:29
2822,AI Training,Hybrid,High,Low,30329.59,1060.5,171710.5,2026-02-06 16:06:29
2829,Cloud Storage,Hybrid,Quantum-Safe,Low,29008.77,1892.78,33331.88,2026-02-06 16:06:29
2830,Cloud Storage,Hybrid,High,Renewable Boost,10057.08,1363.54,95446.8,2026-02-06 16:06:29
2848,Web Hosting,Hybrid,Quantum-Safe,Peak,42118.18,1663.84,144364.05,2026-02-06 16:06:29
2851,AI Training,Hybrid,High,Medium,4040.03,1221.04,66024.4,2026-02-06 16:06:29
2852,Web Hosting,Hybrid,Medium,Low,4486.63,1083.6,116961.59,2026-02-06 16:06:29
2863,AI Training,Hybrid,Quantum-Safe,High,32633.04,1512.81,134374.37,2026-02-06 16:06:29
2868,Database Queries,Hybrid,High,Low,4782.19,692.58,35470.96,2026-02-06 16:06:29
2869,AI Training,Hybrid,Low,Peak,9324.47,909.18,109427.55,2026-02-06 16:06:29
2874,Web Hosting,Hybrid,Low,Low,18548.85,1753.05,57415.43,2026-02-06 16:06:29
2878,Web Hosting,Hybrid,High,Medium,7985.27,663.45,47365.19,2026-02-06 16:06:29
2886,Cloud Storage,Hybrid,Quantum-Safe,Medium,24992.56,878.35,24719.41,2026-02-06 16:06:29
2099,Web Hosting,Hybrid,Quantum-Safe,Low,39837.15,1115.63,71863.96,2026-02-06 16:06:29
2104,Cloud Storage,Hybrid,High,Renewable Boost,18209.75,417.05,177513.06,2026-02-06 16:06:29
2110,Web Hosting,Hybrid,Low,Peak,11169.51,145.56,83128.28,2026-02-06 16:06:29
2117,AI Training,Hybrid,Quantum-Safe,Peak,24876.0,101.89,73724.05,2026-02-06 16:06:29
2118,Cloud Storage,Hybrid,Medium,Low,22069.28,1483.7,83579.7,2026-02-06 16:06:29
2124,Web Hosting,Hybrid,Medium,Medium,9364.71,737.34,39124.38,2026-02-06 16:06:29
2129,Web Hosting,Hybrid,Low,Medium,31141.33,1927.33,77512.72,2026-02-06 16:06:29
2133,AI Training,Hybrid,High,Low,3461.91,1635.06,127780.04,2026-02-06 16:06:29
2139,Cloud Storage,Hybrid,Low,Peak,2223.61,159.62,139182.21,2026-02-06 16:06:29
2149,Cloud Storage,Hybrid,Low,Low,40270.84,1438.83,109149.83,2026-02-06 16:06:29
2151,Database Queries,Hybrid,High,Peak,37787.71,509.0,37027.01,2026-02-06 16:06:29
2153,Cloud Storage,Hybrid,High,Renewable Boost,38865.8,1833.93,102993.28,2026-02-06 16:06:29
2154,AI Training,Hybrid,Quantum-Safe,High,12609.73,462.84,57879.67,2026-02-06 16:06:29
2158,Database Queries,Hybrid,Low,High,19978.8,1827.98,147206.95,2026-02-06 16:06:29
2161,Web Hosting,Hybrid,Medium,Low,41516.07,504.11,59520.9,2026-02-06 16:06:29
2165,IoT Processing,Hybrid,High,Peak,17909.1,1521.91,55919.79,2026-02-06 16:06:29
2166,Web Hosting,Hybrid,High,Medium,2475.09,653.45,70297.11,2026-02-06 16:06:29
2170,AI Training,Hybrid,Low,High,14009.32,619.89,22526.26,2026-02-06 16:06:29
2171,AI Training,Hybrid,High,High,30961.72,624.89,30726.32,2026-02-06 16:06:29
2181,Database Queries,Hybrid,High,High,1503.94,379.06,171972.19,2026-02-06 16:06:29
2183,Cloud Storage,Hybrid,Low,Medium,35606.06,933.12,139465.06,2026-02-06 16:06:29
2188,IoT Processing,Hybrid,Low,High,4868.03,642.28,140604.39,2026-02-06 16:06:29
2198,Database Queries,Hybrid,Quantum-Safe,High,5525.67,240.34,150300.89,2026-02-06 16:06:29
2201,Web Hosting,Hybrid,High,Peak,8373.14,1651.87,143478.28,2026-02-06 16:06:29
2212,Cloud Storage,Hybrid,Quantum-Safe,Medium,41052.98,1160.52,90409.56,2026-02-06 16:06:29
2215,AI Training,Hybrid,Medium,Low,1337.02,369.05,163740.13,2026-02-06 16:06:29
2216,Cloud Storage,Hybrid,Medium,Peak,11409.92,1398.97,37107.66,2026-02-06 16:06:29
2222,AI Training,Hybrid,Low,Low,45549.59,1607.18,172309.07,2026-02-06 16:06:29
2223,Web Hosting,Hybrid,High,Low,16380.03,258.71,148666.29,2026-02-06 16:06:29
2225,AI Training,Hybrid,Quantum-Safe,Renewable Boost,14310.03,1824.88,82863.35,2026-02-06 16:06:29
2910,AI Training,Hybrid,Medium,Low,12792.86,1082.59,52668.18,2026-02-06 16:06:29
2922,Web Hosting,Hybrid,Quantum-Safe,Renewable Boost,29339.63,1993.86,157435.84,2026-02-06 16:06:29
2925,Database Queries,Hybrid,High,Renewable Boost,43454.74,1817.97,63602.72,2026-02-06 16:06:29
2930,IoT Processing,Hybrid,Low,Renewable Boost,27880.83,727.21,61333.02,2026-02-06 16:06:29
2932,Web Hosting,Hybrid,Quantum-Safe,Renewable Boost,26460.97,1387.88,153635.0,2026-02-06 16:06:29
2933,IoT Processing,Hybrid,Low,Low,49829.79,1900.14,198071.41,2026-02-06 16:06:29
2935,AI Training,Hybrid,Quantum-Safe,Low,34097.35,1632.36,62707.71,2026-02-06 16:06:29
2944,IoT Processing,Hybrid,High,High,18416.53,1939.44,69410.65,2026-02-06 16:06:29
2947,Web Hosting,Hybrid,Medium,Peak,21501.09,1058.41,46461.52,2026-02-06 16:06:29
2960,AI Training,Hybrid,Quantum-Safe,High,28630.75,1443.66,159615.94,2026-02-06 16:06:29
2961,IoT Processing,Hybrid,High,Renewable Boost,13796.96,1227.4,161857.31,2026-02-06 16:06:29
2964,IoT Processing,Hybrid,Medium,Peak,40015.94,474.51,31176.49,2026-02-06 16:06:29
2971,IoT Processing,Hybrid,Quantum-Safe,Peak,30365.67,442.29,162309.38,2026-02-06 16:06:29
2972,IoT Processing,Hybrid,High,Medium,26171.68,206.12,8225.19,2026-02-06 16:06:29
2973,IoT Processing,Hybrid,Medium,Medium,15121.04,975.18,41427.54,2026-02-06 16:06:29
2974,Database Queries,Hybrid,Quantum-Safe,Medium,1316.75,69.44,132706.53,2026-02-06 16:06:29
2975,Cloud Storage,Hybrid,Low,High,25315.72,215.29,78273.07,2026-02-06 16:06:29
2983,Database Queries,Hybrid,Low,Low,5479.68,1698.75,35749.29,2026-02-06 16:06:29
2984,Web Hosting,Hybrid,High,Renewable Boost,31658.41,1608.21,105686.26,2026-02-06 16:06:29
2987,Web Hosting,Hybrid,Low,Peak,26547.47,1698.39,96276.39,2026-02-06 16:06:29
2999,Cloud Storage,Hybrid,Quantum-Safe,Medium,29034.03,762.47,125139.22,2026-02-06 16:06:29
3000,Database Queries,Hybrid,Low,Medium,9858.47,1691.15,41858.33,2026-02-06 16:06:29
2567,Cloud Storage,Hybrid,Quantum-Safe,High,1670.44,151.94,39555.83,2026-02-06 16:06:29
2569,Cloud Storage,Hybrid,Quantum-Safe,Medium,13670.99,436.48,149832.52,2026-02-06 16:06:29
2570,Database Queries,Hybrid,High,Medium,2364.76,1755.08,133582.82,2026-02-06 16:06:29
2574,Database Queries,Hybrid,Low,Low,9557.71,1816.53,160461.72,2026-02-06 16:06:29
2576,AI Training,Hybrid,High,Peak,33527.4,398.11,170275.14,2026-02-06 16:06:29
2582,AI Training,Hybrid,High,High,25513.65,783.71,145938.6,2026-02-06 16:06:29
2584,Database Queries,Hybrid,Low,Medium,5403.97,1112.41,164911.58,2026-02-06 16:06:29
2586,IoT Processing,Hybrid,High,High,17706.97,1419.68,19940.86,2026-02-06 16:06:29
2587,Database Queries,Hybrid,Low,Medium,45946.14,1334.86,97241.85,2026-02-06 16:06:29
2600,AI Training,Hybrid,Low,Medium,1054.49,605.12,95384.74,2026-02-06 16:06:29
2602,Web Hosting,Hybrid,Low,High,11676.68,1524.8,58143.58,2026-02-06 16:06:29
2612,IoT Processing,Hybrid,Medium,High,7594.24,755.25,192366.84,2026-02-06 16:06:29
2459,IoT Processing,Hybrid,Quantum-Safe,Renewable Boost,17535.26,1348.6,156070.72,2026-02-06 16:06:29
2460,AI Training,Hybrid,Medium,Medium,43663.73,1654.18,189624.28,2026-02-06 16:06:29
2461,Web Hosting,Hybrid,High,High,5092.72,75.9,24585.88,2026-02-06 16:06:29
2468,Web Hosting,Hybrid,High,Medium,20334.04,1542.04,64928.41,2026-02-06 16:06:29
2469,Database Queries,Hybrid,Medium,High,26967.09,996.32,188024.83,2026-02-06 16:06:29
2470,Web Hosting,Hybrid,Quantum-Safe,Medium,8907.0,341.29,66804.33,2026-02-06 16:06:29
2476,AI Training,Hybrid,Medium,Medium,14140.54,1926.56,185953.97,2026-02-06 16:06:29
2482,IoT Processing,Hybrid,Medium,High,20203.62,1644.75,69181.66,2026-02-06 16:06:29
2483,Web Hosting,Hybrid,Medium,Low,35161.02,1958.95,177755.12,2026-02-06 16:06:29
2485,AI Training,Hybrid,Low,Low,32433.72,937.17,46082.68,2026-02-06 16:06:29
2487,Cloud Storage,Hybrid,Low,Peak,44418.22,308.32,19173.05,2026-02-06 16:06:29
2495,Database Queries,Hybrid,Low,Peak,33981.51,226.91,90701.04,2026-02-06 16:06:29
2503,IoT Processing,Hybrid,Quantum-Safe,Renewable Boost,4980.25,1588.38,152617.31,2026-02-06 16:06:29
2508,IoT Processing,Hybrid,Low,Renewable Boost,39897.09,1753.67,170962.92,2026-02-06 16:06:29
2513,Web Hosting,Hybrid,High,Peak,23916.38,883.71,169659.09,2026-02-06 16:06:29
2515,IoT Processing,Hybrid,Quantum-Safe,Peak,21148.33,1415.68,146656.06,2026-02-06 16:06:29
2518,AI Training,Hybrid,Medium,Renewable Boost,28647.36,1036.97,196732.08,2026-02-06 16:06:29
2519,Web Hosting,Hybrid,Quantum-Safe,Low,42678.15,1638.52,162649.76,2026-02-06 16:06:29
2522,Cloud Storage,Hybrid,High,Peak,34765.3,1903.04,69314.08,2026-02-06 16:06:29
2525,Cloud Storage,Hybrid,High,Low,39196.32,1704.0,151157.69,2026-02-06 16:06:29
2526,Database Queries,Hybrid,High,Peak,1793.82,1011.32,104425.44,2026-02-06 16:06:29
2534,IoT Processing,Hybrid,Medium,Peak,13398.29,1166.91,131127.1,2026-02-06 16:06:29
2535,Web Hosting,Hybrid,Medium,Low,43412.56,514.76,186459.6,2026-02-06 16:06:29
2536,Web Hosting,Hybrid,Low,High,6039.29,1598.21,88526.84,2026-02-06 16:06:29
2537,Database Queries,Hybrid,Low,Renewable Boost,7171.8,998.64,69621.86,2026-02-06 16:06:29
2542,Database Queries,Hybrid,Low,Medium,34147.7,644.94,85940.24,2026-02-06 16:06:29
2545,IoT Processing,Hybrid,Medium,Low,34444.09,648.82,83840.92,2026-02-06 16:06:29
2547,Web Hosting,Hybrid,Quantum-Safe,Low,22024.06,680.13,41924.46,2026-02-06 16:06:29
2550,Cloud Storage,Hybrid,Quantum-Safe,Low,12087.35,745.29,154022.99,2026-02-06 16:06:29
2555,Database Queries,Hybrid,Medium,Low,11716.98,524.76,19494.52,2026-02-06 16:06:29
2556,Cloud Storage,Hybrid,High,Peak,3937.22,942.64,61338.29,2026-02-06 16:06:29
2561,Database Queries,Hybrid,Medium,Renewable Boost,36973.41,866.92,58240.62,2026-02-06 16:06:29
2562,Web Hosting,Hybrid,Low,Medium,17724.61,1562.94,52678.96,2026-02-06 16:06:29
2003,Database Queries,Hybrid,Quantum-Safe,Low,16986.44,1398.7,180738.68,2026-02-06 16:06:29
2004,Cloud Storage,Hybrid,High,Medium,15669.79,1600.27,29590.03,2026-02-06 16:06:29
2005,Web Hosting,Hybrid,Low,Renewable Boost,12392.79,368.54,81626.97,2026-02-06 16:06:29
2006,Database Queries,Hybrid,Medium,Renewable Boost,7354.27,253.41,171030.55,2026-02-06 16:06:29
2013,Cloud Storage,Hybrid,Quantum-Safe,Medium,8199.17,1742.6,162963.52,2026-02-06 16:06:29
2019,Web Hosting,Hybrid,Medium,Low,15818.56,552.08,111899.74,2026-02-06 16:06:29
2022,IoT Processing,Hybrid,Quantum-Safe,Low,7720.28,800.86,146206.52,2026-02-06 16:06:29
2025,IoT Processing,Hybrid,High,Medium,8059.86,1678.2,123349.84,2026-02-06 16:06:29
2027,Cloud Storage,Hybrid,Medium,Low,14408.38,269.38,172881.44,2026-02-06 16:06:29
2028,Web Hosting,Hybrid,Quantum-Safe,Peak,24903.88,1485.04,165221.09,2026-02-06 16:06:29
2038,Cloud Storage,Hybrid,High,Medium,33693.4,1464.39,101614.54,2026-02-06 16:06:29
2039,Database Queries,Hybrid,Low,Peak,39075.41,1680.94,24544.51,2026-02-06 16:06:29
2040,IoT Processing,Hybrid,Quantum-Safe,High,43247.95,1950.16,152103.31,2026-02-06 16:06:29
2043,IoT Processing,Hybrid,Low,Medium,42165.3,1652.59,21971.55,2026-02-06 16:06:29
2044,Cloud Storage,Hybrid,Quantum-Safe,Renewable Boost,49483.11,1310.3,60898.55,2026-02-06 16:06:29
2048,Database Queries,Hybrid,Quantum-Safe,Renewable Boost,24980.23,1965.84,183898.04,2026-02-06 16:06:29
2050,AI Training,Hybrid,Low,Low,25135.88,906.3,163149.23,2026-02-06 16:06:29
2063,Cloud Storage,Hybrid,Low,Medium,28818.64,178.81,70551.13,2026-02-06 16:06:29
2064,Web Hosting,Hybrid,Medium,Peak,29386.41,1946.51,62392.74,2026-02-06 16:06:29
2065,Web Hosting,Hybrid,Quantum-Safe,Peak,24991.6,752.12,175195.28,2026-02-06 16:06:29
2075,IoT Processing,Hybrid,High,Peak,11716.78,127.6,78621.36,2026-02-06 16:06:29
2077,AI Training,Hybrid,Quantum-Safe,Low,41459.84,1745.91,73531.13,2026-02-06 16:06:29
2078,Database Queries,Hybrid,High,Medium,14999.67,1787.12,37584.52,2026-02-06 16:06:29
2079,Database Queries,Hybrid,Quantum-Safe,Peak,46429.07,925.62,11511.67,2026-02-06 16:06:29
2085,IoT Processing,Hybrid,Quantum-Safe,Medium,19002.15,871.54,9875.8,2026-02-06 16:06:29
2086,AI Training,Hybrid,Low,Renewable Boost,5263.84,1685.74,158227.52,2026-02-06 16:06:29
2089,AI Training,Hybrid,Medium,Low,40000.39,1123.61,183971.5,2026-02-06 16:06:29
2090,Web Hosting,Hybrid,Quantum-Safe,Low,9581.03,425.36,32230.25,2026-02-06 16:06:29
2093,AI Training,Hybrid,Medium,Peak,11692.17,1649.99,17712.6,2026-02-06 16:06:29
2094,Web Hosting,Hybrid,Low,Peak,43829.52,1532.07,14734.88,2026-02-06 16:06:29
2097,AI Training,Hybrid,Low,High,1032.02,904.19,153308.83,2026-02-06 16:06:29
2229,Web Hosting,Hybrid,High,High,22067.92,903.64,182395.07,2026-02-06 16:06:29
2231,Database Queries,Hybrid,Low,Low,6874.66,1536.15,140383.58,2026-02-06 16:06:29
2232,IoT Processing,Hybrid,High,Low,37011.37,1875.54,26801.07,2026-02-06 16:06:29
2234,Cloud Storage,Hybrid,High,Low,15109.32,390.82,53494.9,2026-02-06 16:06:29
2237,Database Queries,Hybrid,High,Renewable Boost,30208.02,543.03,55112.26,2026-02-06 16:06:29
2240,Cloud Storage,Hybrid,Medium,Peak,6712.57,1828.81,9321.11,2026-02-06 16:06:29
2241,Web Hosting,Hybrid,Low,Renewable Boost,27788.09,1284.7,6628.2,2026-02-06 16:06:29
2242,Cloud Storage,Hybrid,Medium,Medium,45218.24,1456.06,26519.24,2026-02-06 16:06:29
2246,IoT Processing,Hybrid,Low,Medium,46646.19,781.88,64671.19,2026-02-06 16:06:29
2247,Cloud Storage,Hybrid,Quantum-Safe,High,41228.07,1272.17,29847.05,2026-02-06 16:06:29
2249,AI Training,Hybrid,Medium,Medium,33194.49,1654.86,172301.7,2026-02-06 16:06:29
2250,Web Hosting,Hybrid,Quantum-Safe,Low,45020.94,508.31,137221.77,2026-02-06 16:06:29
2254,Web Hosting,Hybrid,High,Low,41501.0,259.53,146980.38,2026-02-06 16:06:29
2259,Web Hosting,Hybrid,High,Medium,6816.75,1998.73,88821.99,2026-02-06 16:06:29
2262,Web Hosting,Hybrid,Low,Low,4294.47,1342.58,6102.16,2026-02-06 16:06:29
2265,Database Queries,Hybrid,Low,High,2589.73,1030.61,96698.55,2026-02-06 16:06:29
2268,Cloud Storage,Hybrid,High,High,6059.99,1956.0,97975.07,2026-02-06 16:06:29
2272,Cloud Storage,Hybrid,Low,High,46977.47,245.3,75907.41,2026-02-06 16:06:29
2275,Cloud Storage,Hybrid,Medium,Renewable Boost,13723.87,787.72,198988.54,2026-02-06 16:06:29
2279,Database Queries,Hybrid,Quantum-Safe,Low,3467.13,1277.88,10887.44,2026-02-06 16:06:29
2285,Cloud Storage,Hybrid,High,Peak,13390.05,186.63,51904.34,2026-02-06 16:06:29
2287,Database Queries,Hybrid,Medium,Peak,18601.23,284.74,116092.4,2026-02-06 16:06:29
2289,AI Training,Hybrid,Quantum-Safe,Renewable Boost,41214.11,1861.09,152541.44,2026-02-06 16:06:29
2292,AI Training,Hybrid,Medium,High,18765.43,919.48,133060.93,2026-02-06 16:06:29
2296,Web Hosting,Hybrid,Quantum-Safe,Medium,5149.73,754.37,61643.91,2026-02-06 16:06:29
2301,Web Hosting,Hybrid,High,Low,19668.57,1992.64,93540.79,2026-02-06 16:06:29
2309,Web Hosting,Hybrid,High,Low,46753.72,1228.39,23198.98,2026-02-06 16:06:29
2310,AI Training,Hybrid,Low,Low,34509.46,1278.54,38668.19,2026-02-06 16:06:29
2312,Cloud Storage,Hybrid,Quantum-Safe,High,2600.29,331.41,120762.25,2026-02-06 16:06:29
2328,Web Hosting,Hybrid,Quantum-Safe,High,27982.51,66.81,74575.27,2026-02-06 16:06:29
2333,IoT Processing,Hybrid,Low,High,19299.44,64.55,162775.13,2026-02-06 16:06:29
2334,Cloud Storage,Hybrid,High,High,13511.48,874.24,188000.1,2026-02-06 16:06:29
2335,Database Queries,Hybrid,Quantum-Safe,High,6187.84,1450.23,158913.59,2026-02-06 16:06:29
2339,Web Hosting,Hybrid,Quantum-Safe,Medium,33249.83,1635.63,127605.32,2026-02-06 16:06:29
2348,Database Queries,Hybrid,Medium,Peak,44087.18,1355.07,88201.43,2026-02-06 16:06:29
2352,AI Training,Hybrid,Low,High,36842.83,1272.27,47253.9,2026-02-06 16:06:29
2355,Cloud Storage,Hybrid,Low,Medium,44422.91,986.36,145056.41,2026-02-06 16:06:29
2362,Web Hosting,Hybrid,High,Renewable Boost,27033.41,1193.16,15849.54,2026-02-06 16:06:29
2363,AI Training,Hybrid,High,Low,34194.47,1010.12,29168.14,2026-02-06 16:06:29
2366,Web Hosting,Hybrid,Medium,Peak,41399.1,529.35,62683.61,2026-02-06 16:06:29
2371,AI Training,Hybrid,High,Low,22133.78,1281.51,17683.96,2026-02-06 16:06:29
2379,IoT Processing,Hybrid,Quantum-Safe,Renewable Boost,29079.07,479.92,88827.14,2026-02-06 16:06:29
2381,AI Training,Hybrid,Quantum-Safe,Peak,2924.2,842.35,185678.64,2026-02-06 16:06:29
2382,Database Queries,Hybrid,Medium,Medium,14327.93,1856.84,122645.04,2026-02-06 16:06:29
2384,AI Training,Hybrid,Medium,Low,48939.38,866.9,184322.67,2026-02-06 16:06:29
2385,IoT Processing,Hybrid,Quantum-Safe,Low,48321.61,1058.68,183411.72,2026-02-06 16:06:29
2386,Cloud Storage,Hybrid,Quantum-Safe,High,20362.61,214.22,197890.91,2026-02-06 16:06:29
2390,IoT Processing,Hybrid,Medium,Medium,40466.07,1192.33,169238.67,2026-02-06 16:06:29
2392,IoT Processing,Hybrid,Medium,Low,20610.4,1933.38,50033.37,2026-02-06 16:06:29
2399,AI Training,Hybrid,Medium,Low,34714.23,1248.27,95844.91,2026-02-06 16:06:29
2401,AI Training,Hybrid,High,Low,46987.96,203.32,139519.05,2026-02-06 16:06:29
2402,Web Hosting,Hybrid,Quantum-Safe,Peak,9877.98,695.28,115285.04,2026-02-06 16:06:29
2404,AI Training,Hybrid,Low,Peak,11911.13,1976.63,36712.52,2026-02-06 16:06:29
2408,IoT Processing,Hybrid,High,High,8851.05,463.56,86133.7,2026-02-06 16:06:29
2413,Web Hosting,Hybrid,Low,Renewable Boost,5122.26,88.32,51723.92,2026-02-06 16:06:29
2415,Database Queries,Hybrid,Medium,Renewable Boost,5912.03,1932.94,185299.44,2026-02-06 16:06:29
2416,IoT Processing,Hybrid,High,Renewable Boost,1813.03,716.06,166120.26,2026-02-06 16:06:29
2422,Cloud Storage,Hybrid,High,Peak,41912.41,361.35,30656.29,2026-02-06 16:06:29
2424,AI Training,Hybrid,Quantum-Safe,Peak,7637.52,1251.77,140399.4,2026-02-06 16:06:29
2428,Web Hosting,Hybrid,Quantum-Safe,Peak,21561.74,769.01,191033.08,2026-02-06 16:06:29
2435,IoT Processing,Hybrid,Quantum-Safe,Medium,1553.82,993.56,111883.41,2026-02-06 16:06:29
2443,AI Training,Hybrid,Quantum-Safe,Medium,14486.72,1619.98,80495.3,2026-02-06 16:06:29
2449,Cloud Storage,Hybrid,High,High,3478.08,1098.28,96234.63,2026-02-06 16:06:29
2451,IoT Processing,Hybrid,Medium,High,41785.81,1308.04,32656.62,2026-02-06 16:06:29
